"Txhash","Blockno","UnixTimestamp","DateTime","From","To","ContractAddress","Value_IN(ETH)","Value_OUT(ETH)","CurrentValue @ $2055.97/Eth","TxnFee(ETH)","TxnFee(USD)","Historical $Price/Eth","Status","ErrCode"
"0xc849dff13fa7592514e5134952fcb3272884d938b6ca983d9613f290aad2f8b0","7086166","1547799638","2019-01-18 08:20:38","0xff7ff3d95f96e6a16fef521776faf547cce26fba","0x46cf7ddb8bc751f666f691a4f96aa45e88d55d11","","2","0","4111.94","0.000861","1.77019017","120.57","","",""
"0xd3a9594c276e7ebab96894e1ccac52ce61d723cf186f4d09d4b90ddbe39d2d51","7087707","1547823840","2019-01-18 15:04:00","0x46cf7ddb8bc751f666f691a4f96aa45e88d55d11","","0xc558c42a674b78f970de707c65fda53ba5fbaea1","0","0","0","0.01574794","32.3772922018","120.57","","",""
"0x899253fbfe360eb9daecec19055c1440181a1c1026453acb7512723a63ce0585","7087710","1547823879","2019-01-18 15:04:39","0x46cf7ddb8bc751f666f691a4f96aa45e88d55d11","","0x4fee588f5f23474cdaf78e17d2feaa2e3234ed78","0","0","0","0.01466476","30.1503066172","120.57","","",""
"0xd9f8155f16e335050a49824648e2d5e5a19f4a2b282f0055b7b9c33544b6d3d4","7087720","1547824117","2019-01-18 15:08:37","0x46cf7ddb8bc751f666f691a4f96aa45e88d55d11","","0xfbfdbd6d7d129fc20efde8efd7592bb15defe9c4","0","0","0","0.00421722","8.6704778034","120.57","","",""
"0x01c5e3494f9c18b52d8ea129508b025a8ceeee01d30d218bae70d860494b2aab","7087727","1547824208","2019-01-18 15:10:08","0x46cf7ddb8bc751f666f691a4f96aa45e88d55d11","","0x12b252c900dfb76a83ab7206a5f60cb4ecdd3da9","0","0","0","0.01461237","30.0425943489","120.57","","",""
"0x69f5351d43f0fa5af01840af32def55e84d544fd98f85a337282c1e809aa7be8","7087729","1547824231","2019-01-18 15:10:31","0x46cf7ddb8bc751f666f691a4f96aa45e88d55d11","","0xba9ca0dfaa199f8237fe2475a159626768833446","0","0","0","0.00820862","16.8766764614","120.57","","",""
"0xba5b42a4c018d35ca1e54985e52470f5b7b826fa8cca9d5e08cf0817262a85b5","7087738","1547824377","2019-01-18 15:12:57","0x46cf7ddb8bc751f666f691a4f96aa45e88d55d11","","0x46b22d4e0c0619192c394a14bbb4c62504571748","0","0","0","0.01248625","25.6713554125","120.57","","",""
"0xc6a2072ea08855439686bdb652169867ace475488cb6811b95f7d70d80d13971","7087740","1547824409","2019-01-18 15:13:29","0x46cf7ddb8bc751f666f691a4f96aa45e88d55d11","","0xb0e2812a7d4a28ea10c3a263f6f6c0974fe0bfc2","0","0","0","0.0253599","52.139193603","120.57","","",""
"0xb817cdaf7a805bc3c595bb79b37e16d22262be09e394a8e4cade36334cfa54af","7087743","1547824463","2019-01-18 15:14:23","0x46cf7ddb8bc751f666f691a4f96aa45e88d55d11","","0x5a33a52ed9c82845d6aebb1c5a1283c12e070b32","0","0","0","0.02832694","58.2393388318","120.57","","",""
"0x21159ee726f374aefb09b1862c03123d8572e465ec0d56f9146847d1fe5c436d","7087746","1547824510","2019-01-18 15:15:10","0x46cf7ddb8bc751f666f691a4f96aa45e88d55d11","0x314159265dd8dbb310642f98f50c066173c1259b","","0","0","0","0.000127924","0.26300790628","120.57","","",""
"0x1784573579cec358361811debe9dc948e68fcc51da43fab7164c9e73c807d051","7087748","1547824549","2019-01-18 15:15:49","0x46cf7ddb8bc751f666f691a4f96aa45e88d55d11","0x46b22d4e0c0619192c394a14bbb4c62504571748","","0","0","0","0.000180404","0.37090521188","120.57","","",""
"0x111eb97c763e25c66df055886d30855a046def835ab9d40ccc8fabf962ef0fe3","7087751","1547824568","2019-01-18 15:16:08","0x46cf7ddb8bc751f666f691a4f96aa45e88d55d11","0x46b22d4e0c0619192c394a14bbb4c62504571748","","0","0","0","0.000180404","0.37090521188","120.57","","",""
"0x5e8717dc970583485324a18b99a93a1bdd69dc3bacfb7b59cb9893fb04161474","7087753","1547824607","2019-01-18 15:16:47","0x46cf7ddb8bc751f666f691a4f96aa45e88d55d11","0xb0e2812a7d4a28ea10c3a263f6f6c0974fe0bfc2","","0","0","0","0.000180492","0.37108613724","120.57","","",""
"0x470d834772e12644b1b0b98114d2350a4d9417e62cfda7a4521c628ae85a6e55","7087756","1547824690","2019-01-18 15:18:10","0x46cf7ddb8bc751f666f691a4f96aa45e88d55d11","0x5a33a52ed9c82845d6aebb1c5a1283c12e070b32","","0","0","0","0.00018058","0.3712670626","120.57","","",""
"0x2f5781a48f59aaf4b358c7fdd2295daed11c642505c9f0872aca80dbb97b27df","7087758","1547824737","2019-01-18 15:18:57","0x46cf7ddb8bc751f666f691a4f96aa45e88d55d11","0x5a33a52ed9c82845d6aebb1c5a1283c12e070b32","","0","0","0","0.00018058","0.3712670626","120.57","","",""
"0x0cc0c2c778cd66bd91bae2268de620f023ca58fecc841d5bc9413c151190e47a","7087768","1547824955","2019-01-18 15:22:35","0x46cf7ddb8bc751f666f691a4f96aa45e88d55d11","0x5a33a52ed9c82845d6aebb1c5a1283c12e070b32","","0","0","0","0.00018058","0.3712670626","120.57","","",""
"0x34688fdcb6cd90f95513b66aafbfd5daaa75251de89276707a99ecbbc7efd4f6","7087770","1547824967","2019-01-18 15:22:47","0x46cf7ddb8bc751f666f691a4f96aa45e88d55d11","0x5a33a52ed9c82845d6aebb1c5a1283c12e070b32","","0","0","0","0.00018058","0.3712670626","120.57","","",""
"0x8d31afd6f2cc1625d435a3ac8187a52904519ffe97a837eed59db5ee368a541f","7087772","1547824987","2019-01-18 15:23:07","0x46cf7ddb8bc751f666f691a4f96aa45e88d55d11","0x5a33a52ed9c82845d6aebb1c5a1283c12e070b32","","0","0","0","0.000216696","0.44552047512","120.57","","",""
"0x643a25d8d9d9f33a80b76ef7e2c6aeeb8acccab837ad3dd777e7afa59d08cc4a","7087775","1547825028","2019-01-18 15:23:48","0x46cf7ddb8bc751f666f691a4f96aa45e88d55d11","0x46b22d4e0c0619192c394a14bbb4c62504571748","","0","0","0","0.000148895","0.30612365315","120.57","","",""
"0x228889673c89b71a567002a7771dd772fb03c044ce0c0f6bc8d78452815fa392","7087777","1547825044","2019-01-18 15:24:04","0x46cf7ddb8bc751f666f691a4f96aa45e88d55d11","0xb0e2812a7d4a28ea10c3a263f6f6c0974fe0bfc2","","0","0","0","0.00029845","0.6136042465","120.57","","",""
"0x97cf205cdf697db192852de4ea35ee9af883dbf0eeb8ecdf2340c46e8434af10","7087780","1547825100","2019-01-18 15:25:00","0x46cf7ddb8bc751f666f691a4f96aa45e88d55d11","0x5a33a52ed9c82845d6aebb1c5a1283c12e070b32","","0","0","0","0.00029889","0.6145088733","120.57","","",""
"0x1ae2669d3f4237fd7453f447e96ca237495c13a867cd924da2d26a7bd8820287","7087782","1547825165","2019-01-18 15:26:05","0x46cf7ddb8bc751f666f691a4f96aa45e88d55d11","0x12b252c900dfb76a83ab7206a5f60cb4ecdd3da9","","0","0","0","0.00029845","0.6136042465","120.57","","",""
"0xc861279813d7ba9f41b7dd76d5e1bb7b45c8e160fdcf141d7b3632f0de1b0c10","7087785","1547825248","2019-01-18 15:27:28","0x46cf7ddb8bc751f666f691a4f96aa45e88d55d11","0xba9ca0dfaa199f8237fe2475a159626768833446","","0","0","0","0.000148235","0.30476671295","120.57","","",""
"0xdb0414e0e260b2bde60cf4fab7954ac723ba2203ab569c1e30ed9235b498d562","7087887","1547826761","2019-01-18 15:52:41","0x46cf7ddb8bc751f666f691a4f96aa45e88d55d11","","0x86574fe0b6fdce6024bdf9bbd7c469866d302154","0","0","0","0.0125788","25.861635436","120.57","","",""
"0x50ae8a2b094e43847d16d5b8655f6a9b02112f9a99b51ce525db88acc46391e3","7087889","1547826780","2019-01-18 15:53:00","0x46cf7ddb8bc751f666f691a4f96aa45e88d55d11","","0xec509a40248e6609b0996c1b9652776b1c19dfc6","0","0","0","0.00312478","6.4244539366","120.57","","",""
"0xeea54b5d7583e6a9845bf73766f32fae18566038261d6b2d1376c6f2d6e31ca0","7087894","1547826883","2019-01-18 15:54:43","0x46cf7ddb8bc751f666f691a4f96aa45e88d55d11","","0x6127e533bf059a154aafc8e4a0f8d2985cc4e92c","0","0","0","0.00455131","9.3573568207","120.57","","",""
"0x72b2c41936635b1a6d18d6645af0f1adc263beb875a234061275ea280332910e","7087900","1547826959","2019-01-18 15:55:59","0x46cf7ddb8bc751f666f691a4f96aa45e88d55d11","","0x206c9e6fe5930d5fc958bfda13fe477ab54a435d","0","0","0","0.02130446","43.8013306262","120.57","","",""
"0xd0e804455090a45d9f730f46fc8c38731e61e34fb296e56566d2bb1dd15d09a4","7087903","1547827017","2019-01-18 15:56:57","0x46cf7ddb8bc751f666f691a4f96aa45e88d55d11","","0x9761dd4f2776b965017109db6891457e75648668","0","0","0","0.05028199","103.3782629803","120.57","","",""
"0x939fb95b2c63306aa7deacd04af920c75b3363b0523ce5bd88f05bf70d01a6a5","7087908","1547827054","2019-01-18 15:57:34","0x46cf7ddb8bc751f666f691a4f96aa45e88d55d11","","0x4fbc8d7bf60555f8456e3714c5e7ed707358cb0c","0","0","0","0.03020163","62.0936452311","120.57","","",""
"0xb4da7fa89d6a4b1c7345fd85206f4a8a1b2265d73bc16b631dae8f8d4bdb6065","7087911","1547827075","2019-01-18 15:57:55","0x46cf7ddb8bc751f666f691a4f96aa45e88d55d11","","0xd3507254852e65f3ee27250f4b773f59a372f831","0","0","0","0.03589367","73.7963087099","120.57","","",""
"0x939caff80601ee9116a4b40d0365a4e6a8d929338e77fd0735c3a099fefe7fed","7087915","1547827105","2019-01-18 15:58:25","0x46cf7ddb8bc751f666f691a4f96aa45e88d55d11","","0xc0baa7c81641e9371203d0d58e5fad425e8dd107","0","0","0","0.02638472","54.2461927784","120.57","","",""
"0xa8450d0f8ad873814a4a723ab72780e772b389166e4cadb0bb1f4e83265765f6","7087922","1547827317","2019-01-18 16:01:57","0x46cf7ddb8bc751f666f691a4f96aa45e88d55d11","","0x0d23f2689fb2bbaf69ccb5f4f25922fab7e0fdc2","0","0","0","0.05683931","116.8599161807","120.57","","",""
"0x2c54031e281a7a345408fec962339f4659b39bf3bf1b28e411fef2c327707b07","7087926","1547827377","2019-01-18 16:02:57","0x46cf7ddb8bc751f666f691a4f96aa45e88d55d11","","0xa54d9ec8e18b448f061f9e0395caa39fdd9d5891","0","0","0","0.05979106","122.9286256282","120.57","","",""
"0x2cec35e1f2e2fcd536412886b479ac001307c688dc3a90555b9a623164d0ce1f","7087931","1547827437","2019-01-18 16:03:57","0x46cf7ddb8bc751f666f691a4f96aa45e88d55d11","","0x0128219a863d5edfa52606ee2ad14860f312f00c","0","0","0","0.03264019","67.1072514343","120.57","","",""
"0x73b34e42b8f834ef8a9652a72fcf4fda5d45b0a0b3cc6bcff8c0052e0a4740e8","7173561","1549287005","2019-02-04 13:30:05","0x46cf7ddb8bc751f666f691a4f96aa45e88d55d11","","0xb1dd690cc9af7bb1a906a9b5a94f94191cc553ce","0","0","0","0.01024119","21.0555794043","106.90","","",""
"0x4decaad968f2a50037621950abd13d9355a9435648431db6b57cfd05b7af65de","7173563","1549287015","2019-02-04 13:30:15","0x46cf7ddb8bc751f666f691a4f96aa45e88d55d11","","0xa5c603e1c27a96171487aea0649b01c56248d2e8","0","0","0","0.01207584","24.8275647648","106.90","","",""
"0x7bb8a420d4d9bf34dfcac4cdd306f81d87ad405d633cf253404a50fe8b7a468d","7173565","1549287045","2019-02-04 13:30:45","0x46cf7ddb8bc751f666f691a4f96aa45e88d55d11","","0x58933d34b80ef1a1a0a22121d650410f9a9cd24f","0","0","0","0.00333873","6.8643287181","106.90","","",""
"0xeb86a19d541deaeb1dbcb0300b6395fd0717e2158d19a07cb88dedee7b1353fc","7173567","1549287072","2019-02-04 13:31:12","0x46cf7ddb8bc751f666f691a4f96aa45e88d55d11","","0xc17d432bd8e8850fd7b32b0270f5afac65db0105","0","0","0","0.0085166","17.509874102","106.90","","",""
"0x9f438b3cad46d821438f77c47785b983f8ae8bf7f91eb2b139190144dd89131a","7173569","1549287154","2019-02-04 13:32:34","0x46cf7ddb8bc751f666f691a4f96aa45e88d55d11","","0x3d4a342fecd590f59cc2245d21f0de88063c97f9","0","0","0","0.00589906","12.1282903882","106.90","","",""
"0x2ecb678a4654c1c3d52a9c510b5ee097065a47edcc902e05a38cafa6169bdb4d","7173574","1549287239","2019-02-04 13:33:59","0x46cf7ddb8bc751f666f691a4f96aa45e88d55d11","","0xda1756bb923af5d1a05e277cb1e54f1d0a127890","0","0","0","0.00907287","18.6535485339","106.90","","",""
"0xe6a8c7075a47f894649dd4d264cbee67480c2cadef7543b26141245a0bcf487b","7173576","1549287273","2019-02-04 13:34:33","0x46cf7ddb8bc751f666f691a4f96aa45e88d55d11","","0x30b406dd3cc461112bcd0dd2a2eaf0641c1a1d62","0","0","0","0.01799959","37.0066170523","106.90","","",""
"0x5d13afa9a1f7ebb850bfd7434e88d34d533661f219f92c81052983d5e559d735","7173577","1549287279","2019-02-04 13:34:39","0x46cf7ddb8bc751f666f691a4f96aa45e88d55d11","","0x851cc731ce1613ae4fd8ec7f61f4b350f9ce1020","0","0","0","0.01827854","37.5801298838","106.90","","",""
"0x646b0d9a0d81c859975097eb78eac34f55b313616341cde9cfc6da8248173549","7173587","1549287528","2019-02-04 13:38:48","0x46cf7ddb8bc751f666f691a4f96aa45e88d55d11","0xda1756bb923af5d1a05e277cb1e54f1d0a127890","","0","0","0","0.000179432","0.36890680904","106.90","","",""
"0x9fd0963ddf930b32791fb13064e89a3ec2da3df2263d55ff8846c8214796db35","7173589","1549287536","2019-02-04 13:38:56","0x46cf7ddb8bc751f666f691a4f96aa45e88d55d11","0xda1756bb923af5d1a05e277cb1e54f1d0a127890","","0","0","0","0.000179432","0.36890680904","106.90","","",""
"0xf7e1bf9e76b69a85a3e760a2d245da2d960268c0ec63755cdcb2eacf854e8026","7173592","1549287562","2019-02-04 13:39:22","0x46cf7ddb8bc751f666f691a4f96aa45e88d55d11","0x30b406dd3cc461112bcd0dd2a2eaf0641c1a1d62","","0","0","0","0.000135675","0.27894372975","106.90","","",""
"0x83deb975d662ae6289e5e4db2a2f67b37d3bcf3eb52015d523e32fa27c63acd6","7173593","1549287564","2019-02-04 13:39:24","0x46cf7ddb8bc751f666f691a4f96aa45e88d55d11","0x851cc731ce1613ae4fd8ec7f61f4b350f9ce1020","","0","0","0","0.000180984","0.37209767448","106.90","","",""
"0xbe709bae8518b4633b92369aba4b4c676a32ae3c1df8c48bc0b42c57d9449d8e","7173609","1549287856","2019-02-04 13:44:16","0x46cf7ddb8bc751f666f691a4f96aa45e88d55d11","0x851cc731ce1613ae4fd8ec7f61f4b350f9ce1020","","0","0","0","0.000071181","0.14634600057","106.90","","",""
"0xf83be2a05e1e6d6c588ad0a1501dfd56e1be0e73411209ab91fa161e77baa205","7173614","1549287978","2019-02-04 13:46:18","0x46cf7ddb8bc751f666f691a4f96aa45e88d55d11","0x851cc731ce1613ae4fd8ec7f61f4b350f9ce1020","","0","0","0","0.000135738","0.27907325586","106.90","","",""
"0x140ea3150c28e2f17786f60847efb30664b774588555c37a7e6d8a2ad15522c6","7173618","1549288035","2019-02-04 13:47:15","0x46cf7ddb8bc751f666f691a4f96aa45e88d55d11","0x851cc731ce1613ae4fd8ec7f61f4b350f9ce1020","","0","0","0","0.000135738","0.27907325586","106.90","","",""
"0x533d6f2c14de862d55aa42e84326effaba4c787cab7a927766673eb2a7ada643","7173619","1549288037","2019-02-04 13:47:17","0x46cf7ddb8bc751f666f691a4f96aa45e88d55d11","0x851cc731ce1613ae4fd8ec7f61f4b350f9ce1020","","0","0","0","0.000180984","0.37209767448","106.90","","",""
"0xc0e8eb4610aa85ee4268524a32bf80b37fab8154ab188aa52ad791cbe7fbbc4b","7173621","1549288073","2019-02-04 13:47:53","0x46cf7ddb8bc751f666f691a4f96aa45e88d55d11","0x851cc731ce1613ae4fd8ec7f61f4b350f9ce1020","","0","0","0","0.000180984","0.37209767448","106.90","","",""
"0xe193149f0a8c6b5c4ecfc681aa12a9e124223b9569edc528e33d274b00e2f997","7173622","1549288082","2019-02-04 13:48:02","0x46cf7ddb8bc751f666f691a4f96aa45e88d55d11","0xda1756bb923af5d1a05e277cb1e54f1d0a127890","","0","0","0","0.000118456","0.24354198232","106.90","","",""
"0x88140a935a44980323b44371e4272e998a932aa3e4c01bf9579d02e96358872d","7173625","1549288154","2019-02-04 13:49:14","0x46cf7ddb8bc751f666f691a4f96aa45e88d55d11","0x30b406dd3cc461112bcd0dd2a2eaf0641c1a1d62","","0","0","0","0.000119824","0.24635454928","106.90","","",""
"0x45cfcf713276317fbacede99364eb889aca0267adc608d05968a9853fd2667cc","7173630","1549288219","2019-02-04 13:50:19","0x46cf7ddb8bc751f666f691a4f96aa45e88d55d11","0x851cc731ce1613ae4fd8ec7f61f4b350f9ce1020","","0","0","0","0.00012","0.2467164","106.90","","",""
"0xe34e8b26db89158af31698dffef609e98a27bef0f4966ba9cce80b90b7a86de7","7173632","1549288258","2019-02-04 13:50:58","0x46cf7ddb8bc751f666f691a4f96aa45e88d55d11","0xc17d432bd8e8850fd7b32b0270f5afac65db0105","","0","0","0","0.000119812","0.24632987764","106.90","","",""
"0xab6521172f8beeaa90717ba76015d39707a89189df2766a0e5f67e016228a56c","7173633","1549288265","2019-02-04 13:51:05","0x46cf7ddb8bc751f666f691a4f96aa45e88d55d11","0x3d4a342fecd590f59cc2245d21f0de88063c97f9","","0","0","0","0.000117916","0.24243175852","106.90","","",""
"0xf62d4b145b196dc9f71091e0db8962906c9d6a88048001562973780b915e046a","7173648","1549288725","2019-02-04 13:58:45","0x46cf7ddb8bc751f666f691a4f96aa45e88d55d11","","0x44da3a8051ba88eab0440db3779cab9d679ae76f","0","0","0","0.00739574","15.2054195678","106.90","","",""
"0x8fb3ca16bd1be198e246f119bf88170f665fd24dbc4d5a90189b48bc60fcb1c5","7173651","1549288768","2019-02-04 13:59:28","0x46cf7ddb8bc751f666f691a4f96aa45e88d55d11","","0x391f0e86da951c03b1183c60b195090671adea88","0","0","0","0.00225637","4.6390290289","106.90","","",""
"0xb53d99d1d7ee104c74f6216cfdc2ed3a14e7e209e70d2334b538204885b59244","7173655","1549288884","2019-02-04 14:01:24","0x46cf7ddb8bc751f666f691a4f96aa45e88d55d11","","0x79d7b5ca53771137f762813ab017032abb7f1ac1","0","0","0","0.00287782","5.9167115854","106.90","","",""
"0xcf62aa1e819eb74988c9baa8f213c59836f43ac14cafe669e9713e34bc5369f1","7173657","1549288941","2019-02-04 14:02:21","0x46cf7ddb8bc751f666f691a4f96aa45e88d55d11","","0x4dd68a6c27359e5640fa6dcaf13631398c5613f1","0","0","0","0.01483294","30.4960796518","106.90","","",""
"0x700e5e83396470bec3353414cd5a195303becedd1635dc52a83d53446434d148","7173660","1549288980","2019-02-04 14:03:00","0x46cf7ddb8bc751f666f691a4f96aa45e88d55d11","","0xff5a7299ff6f0fbaad9b38906b77d08c0fbdc9a7","0","0","0","0.03369026","69.2661638522","106.90","","",""
"0x4042ebc8e0355e7aec0d3b78abbdaa2790ff71d58ed99c7eed0a44597d50a0d3","7173662","1549289012","2019-02-04 14:03:32","0x46cf7ddb8bc751f666f691a4f96aa45e88d55d11","","0x0bc693480d447ab97aff7aa215d1586f1868cb01","0","0","0","0.01966092","40.4222616924","106.90","","",""
"0x89f6d30f7ea7a31ee62b6e6986a245dca7d27a56fbbc667de96aca8ee36305ae","7173664","1549289076","2019-02-04 14:04:36","0x46cf7ddb8bc751f666f691a4f96aa45e88d55d11","","0xdfa1468d07fc86840a6eb53e0e65cebde81d1af9","0","0","0","0.02308907","47.4704352479","106.90","","",""
"0xcd728a566e0b32f1ad795b8e067dc017f4385cf95a2445adef6570630dedac20","7173667","1549289094","2019-02-04 14:04:54","0x46cf7ddb8bc751f666f691a4f96aa45e88d55d11","","0x0045684552109f8551cc5c8aa7b1f52085adff47","0","0","0","0.01750285","35.9853345145","106.90","","",""
"0x712aaf2f305b3a5e8f288246c74b1d441e44ef2f1454965bccba3629155a9b2b","7173670","1549289143","2019-02-04 14:05:43","0x46cf7ddb8bc751f666f691a4f96aa45e88d55d11","","0xdf6767a7715381867738cf211290f61697ecd938","0","0","0","0.03765281","77.4130477757","106.90","","",""
"0xea15b7ea6e5134199e8f6cf598b1cc030f98ee52fa3c603850c66355db31df8a","7173672","1549289172","2019-02-04 14:06:12","0x46cf7ddb8bc751f666f691a4f96aa45e88d55d11","","0xd5e1dff5f039b2c42978d98ed60c0ac5c8f6a266","0","0","0","0.03884654","79.8673208438","106.90","","",""
"0x3dbde4d3c5eafe52c4870253ed21110262801b42199ff4fba1a463b81811a827","7173673","1549289174","2019-02-04 14:06:14","0x46cf7ddb8bc751f666f691a4f96aa45e88d55d11","","0xed0da07aab7257df53efc4dfc076745744138ed9","0","0","0","0.02214573","45.5309565081","106.90","","",""
"0x7ff982c941239d7210217c1ca22b301cd9ef80e3fcfbd185ffc7961fbfe6977b","7899863","1559746380","2019-06-05 14:53:00","0x46cf7ddb8bc751f666f691a4f96aa45e88d55d11","","0x1848e646bba45174f4044443719db6e5e6cf5d66","0","0","0","0.01963787","40.3748715839","246.16","","",""
"0x6a12322fa301eccf5c0d3ad8de9017c319883feaebedc8b62e883ee7e322869f","7899897","1559746788","2019-06-05 14:59:48","0x46cf7ddb8bc751f666f691a4f96aa45e88d55d11","","0x5f033f11e3a485a2c7733861c1db3c4b9c5f1408","0","0","0","0.0042819","8.803457943","246.16","","",""
"0x10d6566f2bdb7e3582034fd6efe2e4d163073edebf508e2659118955cc0c65f2","8225466","1564134956","2019-07-26 09:55:56","0x46cf7ddb8bc751f666f691a4f96aa45e88d55d11","","0x963f86da34cf2ce619d4b8e5ce96577943f95b6b","0","0","0","0.0946682","194.634979154","219.23","","",""
"0x7194f78eeb5cb8f4b27427835a1d87886334e4051e65f0f572b6218044571ace","8225480","1564135195","2019-07-26 09:59:55","0x46cf7ddb8bc751f666f691a4f96aa45e88d55d11","","0x51072b89c4ba95a6fef444ae989e7a168d505435","0","0","0","0.0085638","17.606915886","219.23","","",""
"0x62799972f8aa7075c633dc0d23e6bed99d627b23baf8e44c6c901420f90db07b","8225557","1564136296","2019-07-26 10:18:16","0x46cf7ddb8bc751f666f691a4f96aa45e88d55d11","","0xdd853f5f0e642918502cd791840d4b7796150bd1","0","0","0","0.0085638","17.606915886","219.23","","",""
"0x7142b6f3d16bbe824db260f8d101efe62aa858afa4c88479565ca71fa209e8f5","8226024","1564142720","2019-07-26 12:05:20","0x46cf7ddb8bc751f666f691a4f96aa45e88d55d11","","0x9dd83364674b30195f26004d397c11e328480f82","0","0","0","0.00900084","18.5054570148","219.23","","",""
"0x187f330ddf4b2d80783118b2f93627485bb57f9599043237f5292849a2519a61","8308056","1565242083","2019-08-08 05:28:03","0x46cf7ddb8bc751f666f691a4f96aa45e88d55d11","","0xc43472062b4e3763c775956988cc883d4b863d91","0","0","0","0.0144242","29.655722474","221.18","","",""
"0xc69c4865dde541a2f837289be0ee03b15a5ab67dd05b464a074d386ffabfde74","8308060","1565242139","2019-08-08 05:28:59","0x46cf7ddb8bc751f666f691a4f96aa45e88d55d11","0xc43472062b4e3763c775956988cc883d4b863d91","","0","0","0","0.000225262","0.46313191414","221.18","","",""
"0xfac5dca4c84c5c3ddb1825aaf0be6d6377898a135506476ffddd49cdacda3a10","8308063","1565242169","2019-08-08 05:29:29","0x46cf7ddb8bc751f666f691a4f96aa45e88d55d11","0xc43472062b4e3763c775956988cc883d4b863d91","","0","0","0","0.000195262","0.40145281414","221.18","","",""
"0x40b2f2981a50400684a62cba817f8af80d2d2bde6637b7491dcc204dfac2aab9","8308065","1565242175","2019-08-08 05:29:35","0x46cf7ddb8bc751f666f691a4f96aa45e88d55d11","0xc43472062b4e3763c775956988cc883d4b863d91","","0","0","0","0.000292893","0.60217922121","221.18","","",""
"0xd0f9570177e3d97eaf40ea25df050ec55c560bd3353eb88e4a45cb37da169367","8308068","1565242217","2019-08-08 05:30:17","0x46cf7ddb8bc751f666f691a4f96aa45e88d55d11","0xc43472062b4e3763c775956988cc883d4b863d91","","0","0","0","0.000195262","0.40145281414","221.18","","",""
"0xf7de4128fceb00d23821e7ff37e0d634f744ba2b5fca6f43cf40a3485446bbde","8308072","1565242247","2019-08-08 05:30:47","0x46cf7ddb8bc751f666f691a4f96aa45e88d55d11","0xc43472062b4e3763c775956988cc883d4b863d91","","0","0","0","0.000292893","0.60217922121","221.18","","",""
"0xecff72f8cc5774059d2000516dbe8b885c18e495ab86bd9b44490304e75e36c9","8308074","1565242267","2019-08-08 05:31:07","0x46cf7ddb8bc751f666f691a4f96aa45e88d55d11","0xc43472062b4e3763c775956988cc883d4b863d91","","0","0","0","0.000292893","0.60217922121","221.18","","",""
"0x38bc5f2f202686753cb660f9750526b70bd87bb70dc2bcd097bf91cc20d7b919","8308075","1565242292","2019-08-08 05:31:32","0x46cf7ddb8bc751f666f691a4f96aa45e88d55d11","0xc43472062b4e3763c775956988cc883d4b863d91","","0","0","0","0.000292893","0.60217922121","221.18","","",""
"0x749ed60700f95c4b36930232f4d7db1f33f2fc9923a77a760be2f418dbd6a17e","8308077","1565242333","2019-08-08 05:32:13","0x46cf7ddb8bc751f666f691a4f96aa45e88d55d11","0xc43472062b4e3763c775956988cc883d4b863d91","","0","0","0","0.000088677","0.18231725169","221.18","","",""
"0xddb598f9b21f79fa8bc37706e324ae7007cf3323759cf39677680db0bf9dd9f9","8308082","1565242385","2019-08-08 05:33:05","0x46cf7ddb8bc751f666f691a4f96aa45e88d55d11","","0xa5d7d68d7975e89feb240f42fed1d77bb71b1caf","0","0","0","0.09310418","191.4194009546","221.18","","",""
"0xda4650480e8c5cd391cb4bff783e0583cceda1fb2fcf14c07d8be391dac094d4","8308084","1565242408","2019-08-08 05:33:28","0x46cf7ddb8bc751f666f691a4f96aa45e88d55d11","","0x5388b0f8106bde37dc6982b4ba5771d2e8d9dc42","0","0","0","0.0504006","103.622121582","221.18","","",""
"0x411bc7233ecc89477832a21228cec576ea7469cf3ddd761fbb8085902bd7f910","8308113","1565242875","2019-08-08 05:41:15","0x46cf7ddb8bc751f666f691a4f96aa45e88d55d11","","0x1ac6d8f81bb105362f2ac6b358750154c87d6032","0","0","0","0.00900084","18.5054570148","221.18","","",""
"0xe2c9cab1a30d899e89bd19d7a7a56cb48f3e47715ebeeb01c36af7ad31531e75","8308131","1565243104","2019-08-08 05:45:04","0x46cf7ddb8bc751f666f691a4f96aa45e88d55d11","","0x4beae27c144f8a058a3615c3a13eb9aae6979d47","0","0","0","0.00943788","19.4039981436","221.18","","",""
"0x0f8ac94c85e92a8ece49eeee4d69e79f068704cda1bdcc5f0f968f66433cc727","8308145","1565243303","2019-08-08 05:48:23","0x46cf7ddb8bc751f666f691a4f96aa45e88d55d11","","0x47dc864e360b155d8309f1f11f10aa7cd53870cc","0","0","0","0.00987492","20.3025392724","221.18","","",""
"0x8f62fdb773aa1fba11f89103f4b029bc7390beee2c6f16c3f1c64fa40c8b0253","9015823","1574949204","2019-11-28 13:53:24","0xff7ff3d95f96e6a16fef521776faf547cce26fba","0x46cf7ddb8bc751f666f691a4f96aa45e88d55d11","","1","0","2055.97","0.00021","0.4317537","151.31","","",""
"0xb8f32a1595df9795f961ca2d12dab214948ca8636384e934d99943bd6ba4b85c","9015836","1574949513","2019-11-28 13:58:33","0x46cf7ddb8bc751f666f691a4f96aa45e88d55d11","","0xe8a76d2f37fe50b6a95d27fb92291fe0b57407d3","0","0","0","0.02080852","42.7816928644","151.31","","",""
"0x0367d83913f83464ab08f16a26d8bed65de1a7593bf1be3e9f4fb3c5c1ca06f8","9015838","1574949547","2019-11-28 13:59:07","0x46cf7ddb8bc751f666f691a4f96aa45e88d55d11","0xe8a76d2f37fe50b6a95d27fb92291fe0b57407d3","","0","0","0","0.00045282","0.9309843354","151.31","","",""
"0x8ba592b0e939426a8c99ed62767b92e4e69d932757f67c81bd8857169b3d203a","9015840","1574949582","2019-11-28 13:59:42","0x46cf7ddb8bc751f666f691a4f96aa45e88d55d11","0xe8a76d2f37fe50b6a95d27fb92291fe0b57407d3","","0","0","0","0.00045282","0.9309843354","151.31","","",""
"0x230a2fbccc379b9170a8406ee38c583a17e2305e1d767fdc54796cf6d1da1bdd","9015843","1574949613","2019-11-28 14:00:13","0x46cf7ddb8bc751f666f691a4f96aa45e88d55d11","0xe8a76d2f37fe50b6a95d27fb92291fe0b57407d3","","0","0","0","0.00045282","0.9309843354","151.31","","",""
"0xb1b9a69d808bd17450720e1a0ffa7abfd66303cef8dc11bc82d927af1e2afe9b","9015846","1574949647","2019-11-28 14:00:47","0x46cf7ddb8bc751f666f691a4f96aa45e88d55d11","0xe8a76d2f37fe50b6a95d27fb92291fe0b57407d3","","0","0","0","0.00045282","0.9309843354","151.31","","",""
"0x25600739557454d78e2de0975952fb21aa9ad281659924e8d9fd3b2264728723","9015848","1574949674","2019-11-28 14:01:14","0x46cf7ddb8bc751f666f691a4f96aa45e88d55d11","0xe8a76d2f37fe50b6a95d27fb92291fe0b57407d3","","0","0","0","0.000181128","0.37239373416","151.31","","",""
"0x4e64a50ee56d7571177ff519386daf714163396aa01be72daf3d88903040a62d","9015852","1574949692","2019-11-28 14:01:32","0x46cf7ddb8bc751f666f691a4f96aa45e88d55d11","","0x2b6d87f12b106e1d3fa7137494751566329d1045","0","0","0","0.10334074","212.4654612178","151.31","","",""
"0x6e3527ef07893126c533f0c29b2983fe7a80f53c8019f4ed8c5ebcf89f0946de","9015854","1574949706","2019-11-28 14:01:46","0x46cf7ddb8bc751f666f691a4f96aa45e88d55d11","","0xcd23f51912ea8fff38815f628277731c25c7fb02","0","0","0","0.0416468","85.624571396","151.31","","",""
"0xe35bf8a7847c4e554d52181b66dd8c7d2c3348ce513a755b24b305dd8ff18daf","9015856","1574949801","2019-11-28 14:03:21","0x46cf7ddb8bc751f666f691a4f96aa45e88d55d11","","0x7557f4199aa99e5396330bac3b7bdaa262cb1913","0","0","0","0.07361284","151.3457906548","151.31","","",""
"0xfc6b8ff4085caeab888d24b2c353ece3a81a77e903fa63c910e6b2a984e7a237","9015886","1574950234","2019-11-28 14:10:34","0x46cf7ddb8bc751f666f691a4f96aa45e88d55d11","","0xbfd7f28aa75164806cce9bc6e0e43bd272f67022","0","0","0","0.01148562","23.6140901514","151.31","","",""
"0xb6d68af5ea46ca7c404729583dabeafbb2362fb981353468d0f02c02ddc86bcc","9015895","1574950408","2019-11-28 14:13:28","0x46cf7ddb8bc751f666f691a4f96aa45e88d55d11","","0x9fc1994d8b6460b0f9e2052f23a972a6911f0be0","0","0","0","0.0123597","25.411172409","151.31","","",""
"0x5eb3a54c9fccfde2eeaa898d05b85bdd3db186ad6b44d9efe49900bffd049e59","9015908","1574950575","2019-11-28 14:16:15","0x46cf7ddb8bc751f666f691a4f96aa45e88d55d11","","0x2fd68318492eddc5ecbe14fc0a07382959d39b3c","0","0","0","0.01279674","26.3097135378","151.31","","",""
"0x15f2b8fb44e22b07925cdabf5fba53136eafbc660b33801fffff2bffbcbe46be","9015918","1574950715","2019-11-28 14:18:35","0x46cf7ddb8bc751f666f691a4f96aa45e88d55d11","","0x46b095fcac87ef4f8e5513cfdf1c59ab0a7ce6d6","0","0","0","0.01323378","27.2082546666","151.31","","",""
"0xa049e1d624b3d60fda89a2a63b5c8a3e3e00c7746a8b30c2534663eb4c783796","9773017","1585571263","2020-03-30 12:27:43","0x46cf7ddb8bc751f666f691a4f96aa45e88d55d11","","0x6a52b894772c68a819fbd3cf5a806eca53a2b40a","0","0","0","0.02620662","53.8800245214","132.31","","",""
"0x2c120ffaaa0015df7fb4eb66a57e9ba8db491273f00f31a378248e3c7a0968cc","9773019","1585571281","2020-03-30 12:28:01","0x46cf7ddb8bc751f666f691a4f96aa45e88d55d11","","0x637b5659012ded490a7a60daf8230e6f50faf3f8","0","0","0","0.0181049","37.223131253","132.31","","",""
"0x217877d654d19679aa713cbefcf1d109e898ef065f4fdb3b63d399e599aac732","9773021","1585571296","2020-03-30 12:28:16","0x46cf7ddb8bc751f666f691a4f96aa45e88d55d11","","0x95e5872048a5309e370e77248cbbffc1c3b106e3","0","0","0","0.04212458","86.6068727426","132.31","","",""
"0xa44166bab0d8186b53c9adb1ee407aed9d481edc540ebfa883d0dd1eab37c559","9773024","1585571318","2020-03-30 12:28:38","0x46cf7ddb8bc751f666f691a4f96aa45e88d55d11","0x95e5872048a5309e370e77248cbbffc1c3b106e3","","0","0","0","0.000132785740417197","0.273003498725544","132.31","","",""
"0x0d0611d8206d7265c2bccafd9ba7b45cdc52ac62346fb189af31a578a81c1b5b","9773137","1585572593","2020-03-30 12:49:53","0x46cf7ddb8bc751f666f691a4f96aa45e88d55d11","0x95e5872048a5309e370e77248cbbffc1c3b106e3","","0","0","0","0.000045855","0.09427650435","132.31","","",""
"0x11825504d4b96dfe8ce4957726b5dc0c13cce361ae77f6d864087fae731be3f2","9773138","1585572595","2020-03-30 12:49:55","0x46cf7ddb8bc751f666f691a4f96aa45e88d55d11","","0xbd3e01b85a3667622f9dd60b6efa2f2b6b6c3c22","0","0","0","0.02620662","53.8800245214","132.31","","",""
"0xb119674c3afa54f0925f5f11ed0e3931b15cf43da2eb8fa0d1621a9ca13baf8f","9773168","1585573014","2020-03-30 12:56:54","0x46cf7ddb8bc751f666f691a4f96aa45e88d55d11","","0xc4baabb5b7dff84aa8023183e3ca0ba3b2fee519","0","0","0","0.02620662","53.8800245214","132.31","","",""
"0xa9eedba5e9b0821bca5dea94106f4bcd182bb05439628f6f7dda44217cae22a2","9773171","1585573064","2020-03-30 12:57:44","0x46cf7ddb8bc751f666f691a4f96aa45e88d55d11","","0xb6d64221451edbac7736d4c3da7fc827457dec03","0","0","0","0.0181049","37.223131253","132.31","","",""
"0x809a2e20d2b79fa29ff5120e977f5c82a840683bc4698009e3b752629efe0bae","9773172","1585573068","2020-03-30 12:57:48","0x46cf7ddb8bc751f666f691a4f96aa45e88d55d11","","0x40c84310ef15b0c0e5c69d25138e0e16e8000fe9","0","0","0","0.04212458","86.6068727426","132.31","","",""
"0x73915cc6a0f47426c4345093072739d4d2696fc756c7389d8ec4a5c0c7fbca5e","9773174","1585573143","2020-03-30 12:59:03","0x46cf7ddb8bc751f666f691a4f96aa45e88d55d11","0x40c84310ef15b0c0e5c69d25138e0e16e8000fe9","","0","0","0","0.00044709","0.9192036273","132.31","","",""
"0xb874aaa7c49e00443d3721dc08c687d9d47793e844df28be04cf5b9bc03a860b","9773176","1585573155","2020-03-30 12:59:15","0x46cf7ddb8bc751f666f691a4f96aa45e88d55d11","0x40c84310ef15b0c0e5c69d25138e0e16e8000fe9","","0","0","0","0.00045855","0.9427650435","132.31","","",""
"0x3eb286a1f2f636b42ea0ceb63aadcaf927d1bf0ae8c5d2db1ed2887617d19980","9773178","1585573166","2020-03-30 12:59:26","0x46cf7ddb8bc751f666f691a4f96aa45e88d55d11","0x40c84310ef15b0c0e5c69d25138e0e16e8000fe9","","0","0","0","0.00045855","0.9427650435","132.31","","",""
"0xc7f277e72984fce2909d7299a043793cb06696be25bb68283c032e4ebd422b8e","9773180","1585573209","2020-03-30 13:00:09","0x46cf7ddb8bc751f666f691a4f96aa45e88d55d11","0x40c84310ef15b0c0e5c69d25138e0e16e8000fe9","","0","0","0","0.00045855","0.9427650435","132.31","","",""
"0xe9e9476281d4255db40a254eec9d17844f55198764ee13f895ec684a6051646f","9773181","1585573212","2020-03-30 13:00:12","0x46cf7ddb8bc751f666f691a4f96aa45e88d55d11","0x40c84310ef15b0c0e5c69d25138e0e16e8000fe9","","0","0","0","0.00045855","0.9427650435","132.31","","",""
"0xaa18d3625f27069b3bb03307bd95bc6c8a6f93a4df3add07587f1a37ab6703ba","9773184","1585573257","2020-03-30 13:00:57","0x46cf7ddb8bc751f666f691a4f96aa45e88d55d11","0x40c84310ef15b0c0e5c69d25138e0e16e8000fe9","","0","0","0","0.00045855","0.9427650435","132.31","","",""
"0x15a193bf15f994c247cb5a3b096032dca2ff04b7d5af60bf9525548433294d19","9773185","1585573264","2020-03-30 13:01:04","0x46cf7ddb8bc751f666f691a4f96aa45e88d55d11","0x40c84310ef15b0c0e5c69d25138e0e16e8000fe9","","0","0","0","0.00029811","0.6129052167","132.31","","",""
"0xf325eeb805f13e16f2b325b3ee8a8cbf5a6e8935f2905961bebc0eeb13a41c83","9773188","1585573281","2020-03-30 13:01:21","0x46cf7ddb8bc751f666f691a4f96aa45e88d55d11","0xc4baabb5b7dff84aa8023183e3ca0ba3b2fee519","","0","0","0","0.00045844","0.9425388868","132.31","","",""
"0xb3de0de412700234456c18df5eb8b586bd803077742ca2d6ef0423ac42ab3bc1","9773190","1585573303","2020-03-30 13:01:43","0x46cf7ddb8bc751f666f691a4f96aa45e88d55d11","0xc4baabb5b7dff84aa8023183e3ca0ba3b2fee519","","0","0","0","0.0002981","0.612884657","132.31","","",""
"0x098de17d29f718d811d24c4d37c7b0425943ba4a1e3051196c72734a2225a8d0","9773231","1585573827","2020-03-30 13:10:27","0x46cf7ddb8bc751f666f691a4f96aa45e88d55d11","0xa5c603e1c27a96171487aea0649b01c56248d2e8","","0","0","0","0.000255075","0.52442654775","132.31","","",""
"0x999c8614d26118503a37d452d066e6e9f3910f6a069237f1bebb1d3d247a7967","9773242","1585574010","2020-03-30 13:13:30","0x46cf7ddb8bc751f666f691a4f96aa45e88d55d11","0xa5c603e1c27a96171487aea0649b01c56248d2e8","","0","0","0","0.00037729","0.7756969213","132.31","","",""
"0x1442f703e40e2e8759a90d058185f471a9545c9b334070bb451cd82f97d329d5","9985474","1588405466","2020-05-02 07:44:26","0x46cf7ddb8bc751f666f691a4f96aa45e88d55d11","0xa5c603e1c27a96171487aea0649b01c56248d2e8","","0","0","0","0.000839839999916016","1.72668584462733","214.15","","",""
"0xd898f57ca1809bd7a5ef2670f6ce8a8a313361d5468432fa75fabd9715d58c50","10020267","1588870035","2020-05-07 16:47:15","0x46cf7ddb8bc751f666f691a4f96aa45e88d55d11","","0x7383757c8a2f4cbc6a21a26e1f33a0fd95e7bb77","0","0","0","0.0165812","34.090449764","212.37","","",""
"0x60ec67f6d6a9364211cc3e6bf548829bc71ed1d95cc9c2c91ca396b5979a9639","10020268","1588870042","2020-05-07 16:47:22","0x46cf7ddb8bc751f666f691a4f96aa45e88d55d11","0x7383757c8a2f4cbc6a21a26e1f33a0fd95e7bb77","","0","0","0","0.00320368","6.5866699696","212.37","","",""
"0xdcfbbab9f5345a35457f088a7095106b77e4d387b487161f75803e7110f22195","10020269","1588870073","2020-05-07 16:47:53","0x46cf7ddb8bc751f666f691a4f96aa45e88d55d11","0x7383757c8a2f4cbc6a21a26e1f33a0fd95e7bb77","","0","0","0","0.00059532","1.2239600604","212.37","","",""
"0xcb48785aee70eea4158bc6fda85ab8def2492b6069524212afdda2447e24415b","10020271","1588870128","2020-05-07 16:48:48","0x46cf7ddb8bc751f666f691a4f96aa45e88d55d11","","0x67933cccf3f6b40148271f5e7b5408fd1d5b2837","0","0","0","0.04428938","91.0576365986","212.37","","",""
"0x6effcf9736c9c87de7cac39a1df782d28f5bde60a8bbfa89878bf5cea63d0d16","10020274","1588870166","2020-05-07 16:49:26","0x46cf7ddb8bc751f666f691a4f96aa45e88d55d11","","0xfcfab7cdc0613fea78982ebd52559b7362db7976","0","0","0","0.04907446","100.8956175262","212.37","","",""
"0x03b8ee1d7ed36c0b62d4635ab6ca5deff0bfc898e1493de79874fdd29fdaf9b5","10020275","1588870183","2020-05-07 16:49:43","0x46cf7ddb8bc751f666f691a4f96aa45e88d55d11","","0x8a7da5fe29f33f5c053d46cb79086cdcc24ac610","0","0","0","0.10592204","217.7725365788","212.37","","",""
"0x46018c0118b139d9d0521a6d8d1c6e97f461661224d7eab9353ba2e984e8e104","10020276","1588870203","2020-05-07 16:50:03","0x46cf7ddb8bc751f666f691a4f96aa45e88d55d11","","0x103675510a219bd84ce91d1bcb82ca194d665a09","0","0","0","0.08819152","181.3191193744","212.37","","",""
"0x3d4e94cabf4ab3b6da92d7aa1f3139c729d5467ee46d815f662e975bd511ec89","10020306","1588870540","2020-05-07 16:55:40","0x46cf7ddb8bc751f666f691a4f96aa45e88d55d11","","0x1f549439a822321c096cecfa3d5e243f0ae4e051","0","0","0","0.0165812","34.090449764","212.37","","",""
"0x42a967fdbfce203c5f2320cc9651ddd6cc60492e74d8a988b14b9e9cc185106c","10020313","1588870678","2020-05-07 16:57:58","0x46cf7ddb8bc751f666f691a4f96aa45e88d55d11","0xa5c603e1c27a96171487aea0649b01c56248d2e8","","0","0","0","0.00193948","3.9875126956","212.37","","",""
"0xccc73196f1b5b8b6912a77f35bfed52f4c7e3288ae99c110168a8d6bb7c96d7b","10020323","1588870834","2020-05-07 17:00:34","0x46cf7ddb8bc751f666f691a4f96aa45e88d55d11","0xa5c603e1c27a96171487aea0649b01c56248d2e8","","0","0","0","0.00193948","3.9875126956","212.37","","",""
"0x194024337ee0040ebc29be10d9b49b78e2d93c37b6da756ee41c45b704c806a1","10020329","1588871006","2020-05-07 17:03:26","0x46cf7ddb8bc751f666f691a4f96aa45e88d55d11","0xa5c603e1c27a96171487aea0649b01c56248d2e8","","0","0","0","0.00193924","3.9870192628","212.37","","",""
"0xfc35ebe87cd2d71679ee7bf82367af85e2616ed50dfb2d08ba32f81f37073c06","10020371","1588871514","2020-05-07 17:11:54","0x46cf7ddb8bc751f666f691a4f96aa45e88d55d11","0xa5c603e1c27a96171487aea0649b01c56248d2e8","","0","0","0","0.00193924","3.9870192628","212.37","","",""
"0xb50cb06b6e3aac9a6a69bb07b9a34ee13888509fb130a34246198f05a6c1b60b","10020373","1588871574","2020-05-07 17:12:54","0x46cf7ddb8bc751f666f691a4f96aa45e88d55d11","","0xa24783c07cdd995c56c1d33ce485e6ac39e0c018","0","0","0","0.01615228","33.2086031116","212.37","","",""
"0x7bed4a0c98ff1e0d66e58e9577f18f6036152cfd0cd0336c32c11c6f65be94ea","10020376","1588871639","2020-05-07 17:13:59","0x46cf7ddb8bc751f666f691a4f96aa45e88d55d11","0xa5c603e1c27a96171487aea0649b01c56248d2e8","","0","0","0","0.00194092","3.9904732924","212.37","","",""
"0xe1b969529a65caae2a575a7c4e2a5031f38c9750c12089df30543a1efc20ea3f","10020391","1588871845","2020-05-07 17:17:25","0x46cf7ddb8bc751f666f691a4f96aa45e88d55d11","0xa5c603e1c27a96171487aea0649b01c56248d2e8","","0","0","0","0.00194136","3.9913779192","212.37","","",""
"0x591903c74b8df3c7628c8911ebfbc06bd481c09ce8261c5c12b7a1d06f1e433f","10232014","1591712534","2020-06-09 14:22:14","0x46cf7ddb8bc751f666f691a4f96aa45e88d55d11","0xa5c603e1c27a96171487aea0649b01c56248d2e8","","0","0","0","0.00228812","4.7043060764","244.00","","",""
"0x3917890c4c20198e189afa2b2ea563e5271404ed053d3f7c5d9cf5667794b1b6","10232026","1591712762","2020-06-09 14:26:02","0x46cf7ddb8bc751f666f691a4f96aa45e88d55d11","0xa5c603e1c27a96171487aea0649b01c56248d2e8","","0","0","0","0.00228764","4.7033192108","244.00","","",""
"0x463234497254bc4cf7d7f6daa707a59c7c78bb35ab38857a54280d0b6609cb55","10250207","1591956210","2020-06-12 10:03:30","0x46cf7ddb8bc751f666f691a4f96aa45e88d55d11","0xa5c603e1c27a96171487aea0649b01c56248d2e8","","0","0","0","0.00223132","4.5875269804","237.54","Error(0)","Reverted",""
"0xf350e77e974158fb852e936c939f60ffa4ec17a75116fe970f9c82b8149ee829","10284400","1592412348","2020-06-17 16:45:48","0x46cf7ddb8bc751f666f691a4f96aa45e88d55d11","","0xdc350d09f71c48c5d22fbe2741e4d6a03970e192","0","0","0","0.11932032","245.3189983104","233.76","","",""
"0x4ff95f4089b9bbcc593f89c4faf3b2cffef8fcb5cc4fbdcfd3e500776d20462b","10284436","1592412740","2020-06-17 16:52:20","0x46cf7ddb8bc751f666f691a4f96aa45e88d55d11","0xa5c603e1c27a96171487aea0649b01c56248d2e8","","0","0","0","0.004654176","9.56884623072","233.76","","",""
"0x816caa7ab7f32906344e46df4808d5d1869078cfbbf5cc5951a9c7762c7b24ee","10284439","1592412840","2020-06-17 16:54:00","0x46cf7ddb8bc751f666f691a4f96aa45e88d55d11","","0x4a8c4b77221ca1e82a61ce91ca603e4c9cb7181f","0","0","0","0.031570464","64.90792687008","233.76","","",""
"0xa4e068bcaca7d1631b0a3901c9f14cf4127c4e862e4076732c95b9fe84a4e575","10284445","1592412938","2020-06-17 16:55:38","0x46cf7ddb8bc751f666f691a4f96aa45e88d55d11","0xa5c603e1c27a96171487aea0649b01c56248d2e8","","0","0","0","0.004658208","9.57713590176","233.76","","",""
"0xe54f8d1bbb47ab1720e206467e462389c98c8dc386b547a47023a81d9213200b","10284452","1592413042","2020-06-17 16:57:22","0x46cf7ddb8bc751f666f691a4f96aa45e88d55d11","0xa5c603e1c27a96171487aea0649b01c56248d2e8","","0","0","0","0.004658112","9.57693852864","233.76","","",""
"0x801bd7a762da9425e30aff6431c117e17b9c53ef476b4ee8dfacd82b2a21550e","10284454","1592413062","2020-06-17 16:57:42","0x46cf7ddb8bc751f666f691a4f96aa45e88d55d11","","0xe305ed426ad28a583e3e5f9ce10027729edf039e","0","0","0","0.038765472","79.70064746784","233.76","","",""
"0x34b985f6815c2e0b119f0656767a5cd9bcef9a0212b6f1c1a8f27f871ad6dc0b","10284461","1592413115","2020-06-17 16:58:35","0x46cf7ddb8bc751f666f691a4f96aa45e88d55d11","0xa5c603e1c27a96171487aea0649b01c56248d2e8","","0","0","0","0.004657632","9.57595166304","233.76","","",""
"0x462fa5e8b1d76ff8ba90f9ac843355be26f1aa08149f9b1e71188fdab2bda8ed","10284467","1592413198","2020-06-17 16:59:58","0x46cf7ddb8bc751f666f691a4f96aa45e88d55d11","0xa5c603e1c27a96171487aea0649b01c56248d2e8","","0","0","0","0.004658688","9.57812276736","233.76","","",""
"0xfdec7c55f8e9e3bde34c89a5dc72cef8fb72f91c45042d396d3980910d9d8ab9","10289548","1592481405","2020-06-18 11:56:45","0x46cf7ddb8bc751f666f691a4f96aa45e88d55d11","0xa5c603e1c27a96171487aea0649b01c56248d2e8","","0","0","0","0.00142964","2.9392969508","231.24","","",""
"0xf79824f8085b2b185b715dcb6fd1609feb28c96a4a123b1d4498a0c2642b4575","10317386","1592853157","2020-06-22 19:12:37","0x46cf7ddb8bc751f666f691a4f96aa45e88d55d11","0xa5c603e1c27a96171487aea0649b01c56248d2e8","","0","0","0","0.00224532","4.6163105604","243.30","Error(0)","Reverted",""
"0x71948ec4ecdde8908a48b7dba8d202125f4e174dafa5f0cfbdb36f51173d2a81","10317414","1592853409","2020-06-22 19:16:49","0x46cf7ddb8bc751f666f691a4f96aa45e88d55d11","0xa5c603e1c27a96171487aea0649b01c56248d2e8","","0","0","0","0.00332376","6.8335508472","243.30","","",""
"0x49d786a67c5889d82db48e73a16d142c76562026ae8479de2016b43e03d71fcc","10317439","1592853812","2020-06-22 19:23:32","0x46cf7ddb8bc751f666f691a4f96aa45e88d55d11","0xa5c603e1c27a96171487aea0649b01c56248d2e8","","0","0","0","0.0394116","81.029067252","243.30","Error(0)","Bad instruction",""
"0x127099a71993a0bbad3eaf7ee0c470d5118a1781b706c3dc2b683881767dc846","10317456","1592854089","2020-06-22 19:28:09","0x46cf7ddb8bc751f666f691a4f96aa45e88d55d11","0xa5c603e1c27a96171487aea0649b01c56248d2e8","","0","0","0","0.00272472","5.6019425784","243.30","","",""
"0x10b971f8b83f96c0015b698003c1d1db4a3f897a3be28aaa12545c23a8c7c238","10317481","1592854388","2020-06-22 19:33:08","0x46cf7ddb8bc751f666f691a4f96aa45e88d55d11","0xa5c603e1c27a96171487aea0649b01c56248d2e8","","0","0","0","0.00228764","4.7033192108","243.30","","",""
"0xc4deebe50e4974b34810b989f0fe2f934c850c8958f4c7669aed3f28f90dfc5a","10496007","1595242876","2020-07-20 11:01:16","0x46cf7ddb8bc751f666f691a4f96aa45e88d55d11","0xa5c603e1c27a96171487aea0649b01c56248d2e8","","0","0","0","0.00400169","8.2273545893","236.16","","",""
"0x8ac42a101b68d3e05ad114864472250c1cb28b79585dbaea1f38d471043957c7","10496007","1595242876","2020-07-20 11:01:16","0x46cf7ddb8bc751f666f691a4f96aa45e88d55d11","0xa5c603e1c27a96171487aea0649b01c56248d2e8","","0","0","0","0.00416178","8.5564948266","236.16","Error(0)","Reverted",""
"0x284ade31d49863259bb4726bdaa7c32f3107548e3eb759e530d7e6b5f5214f75","10497248","1595260261","2020-07-20 15:51:01","0x46cf7ddb8bc751f666f691a4f96aa45e88d55d11","0xa5c603e1c27a96171487aea0649b01c56248d2e8","","0","0","0","0.0041607","8.554274379","236.16","Error(0)","Reverted",""
"0x9e9bf5d7a3077eb582a47ca34307834185b27c54d422cf7cfc54483169b6b53a","10497284","1595260756","2020-07-20 15:59:16","0x46cf7ddb8bc751f666f691a4f96aa45e88d55d11","0xa5c603e1c27a96171487aea0649b01c56248d2e8","","0","0","0","0.005074706","10.43344329482","236.16","Error(0)","Reverted",""
"0xab5d97f00a3b840193724a14f9f80b5ae5a2f4f4c4da88d911e1506e4354d107","10637887","1597138926","2020-08-11 09:42:06","0x46cf7ddb8bc751f666f691a4f96aa45e88d55d11","0xa5c603e1c27a96171487aea0649b01c56248d2e8","","0","0","0","0.007607334","15.64045048398","378.94","","",""
"0x479065a1ec865b9bccbf74a09abcb22e9bff1314a23504bf3032521dcb060404","10637912","1597139276","2020-08-11 09:47:56","0x46cf7ddb8bc751f666f691a4f96aa45e88d55d11","0xa5c603e1c27a96171487aea0649b01c56248d2e8","","0","0","0","0.007416878","15.24887866166","378.94","Error(0)","Reverted",""
"0xfbe9046f447bc69df11333b5ec9f6b127ce1d9afb45d0126a32c727b1c3bb04d","10919610","1600873945","2020-09-23 15:12:25","0x46cf7ddb8bc751f666f691a4f96aa45e88d55d11","","0x89f72d4260daf51008969d00ba6f2f4b8b0d7b23","0","0","0","0.13074975","268.8175635075","320.19","","",""
"0x3e97f3c49f16105fd25016194559fdab6fae657af312de770417b3a18124cc4b","10919613","1600873963","2020-09-23 15:12:43","0x46cf7ddb8bc751f666f691a4f96aa45e88d55d11","0x89f72d4260daf51008969d00ba6f2f4b8b0d7b23","","0","0","0","0.004163307","8.55963429279","320.19","","",""
"0x245b85d2a9715e19dea9e294c88a48ed5bf823d93ca8703ba408096c3056bdee","10919696","1600875204","2020-09-23 15:33:24","0x46cf7ddb8bc751f666f691a4f96aa45e88d55d11","","0xeca4b0bdbf7c55e9b7925919d03cbf8dc82537e8","0","0","0","0.1476615","303.587614155","320.19","","",""
"0x892168c3674d43eac0c1aa865b815f49d3e67c9c5f0a3ef1594c9b6b159fb02b","10919698","1600875213","2020-09-23 15:33:33","0x46cf7ddb8bc751f666f691a4f96aa45e88d55d11","0xeca4b0bdbf7c55e9b7925919d03cbf8dc82537e8","","0","0","0","0.004694793","9.65235356421","320.19","","",""
"0xe5abb3b1a890935107595cd6cb9b120d9d8d5030e908336428bac8d9cebb2ebd","10975787","1601630507","2020-10-02 09:21:47","0xae09159c02c7dd954f42edec25c602da2776256b","0x46cf7ddb8bc751f666f691a4f96aa45e88d55d11","","5","0","10279.85","0.002184","4.49023848","345.83","","",""
"0xb20bba5305d0fb1ea74094455cd57ca1765a6d2f0e0cb94d82142958f5995045","10975845","1601631194","2020-10-02 09:33:14","0x46cf7ddb8bc751f666f691a4f96aa45e88d55d11","","0x29b94b045a0b828d9eb99136a16d97c7ff3d2600","0","0","0","0.084671","174.08103587","345.83","","",""
"0x8860b81c3f4e865a046d0534844fc1ff0933b5d482848f6e8e9c273b2c14d545","10975851","1601631284","2020-10-02 09:34:44","0x46cf7ddb8bc751f666f691a4f96aa45e88d55d11","","0x9ae0acdb750bfcf694675f46b580847fc49a48bf","0","0","0","0.1088559","223.804464723","345.83","","",""
"0xb60f67ca5773390d14fe62a03262b72417683a0939a201c5c9718c2981e27d59","10975856","1601631375","2020-10-02 09:36:15","0x46cf7ddb8bc751f666f691a4f96aa45e88d55d11","","0xf657bb6bc979bf34d49e38afba34d5fd2a45b0ca","0","0","0","0.024236","49.82848892","345.83","","",""
"0x4b2338e5da0a0375295d918920841b129343825b4233289a215abf6619e09cee","10975858","1601631379","2020-10-02 09:36:19","0x46cf7ddb8bc751f666f691a4f96aa45e88d55d11","","0x045b32efa0d97a681cc415f1b37c972ad7299a55","0","0","0","0.0570887","117.372654539","345.83","","",""
"0x3fb1af9182715eeff919aae8c7dd72652d527e89647d24497d23fb65358b21b9","10975860","1601631411","2020-10-02 09:36:51","0x46cf7ddb8bc751f666f691a4f96aa45e88d55d11","","0xe4db5b456282eff5fe9f1eb53a3a536bf56aeffa","0","0","0","0.0929344","191.070338368","345.83","","",""
"0xce898aa387b8beac4eb068691f4474266fbc3bfd92f62f42e21a384e7ef57477","10975862","1601631444","2020-10-02 09:37:24","0x46cf7ddb8bc751f666f691a4f96aa45e88d55d11","","0x38aeed2af853fccf5c246e3aee8bcccbb5826d87","0","0","0","0.0520464","107.005837008","345.83","","",""
"0x46af55f4b4fe81a5297bd59940d76ab7562ab63fb9f8e979e88ad6d7991b5f08","10975880","1601631820","2020-10-02 09:43:40","0x46cf7ddb8bc751f666f691a4f96aa45e88d55d11","","0x4b3fbe6d554c540c2672eb7a501018a1a39f7f53","0","0","0","0.236539","486.31708783","345.83","","",""
"0x92aa1d6183c8765e9802af5b1b71f5376ec8a5cbc543e2008bcf077aad727551","10975882","1601631835","2020-10-02 09:43:55","0x46cf7ddb8bc751f666f691a4f96aa45e88d55d11","","0x321b3a051504b0f36b40082275090ffe5838a77e","0","0","0","0.2211014","454.577845358","345.83","","",""
"0xff3ebdd63f1d2ac3e9fd115a13877577887ed47b0dec596bf63efa11c104aa83","10975884","1601631856","2020-10-02 09:44:16","0x46cf7ddb8bc751f666f691a4f96aa45e88d55d11","","0x18cfb667f10c004f9534ea3c928b864d14c8fc11","0","0","0","0.3007591","618.351686827","345.83","","",""
"0x6952513e897e01c28b69070ac4749c5f2bfc91e3b40eeb72161cb4592c92bace","10975886","1601631875","2020-10-02 09:44:35","0x46cf7ddb8bc751f666f691a4f96aa45e88d55d11","","0x95f6f73484b37fcc36a75bd5d96d861cf855e85d","0","0","0","0.1957983","402.555430851","345.83","","",""
"0xcd193f9f29b8060c0f5bf2158a2789bed8f0cf82cdc752bd34afd9b4ae416e2f","10975887","1601631878","2020-10-02 09:44:38","0x46cf7ddb8bc751f666f691a4f96aa45e88d55d11","","0x42eaa6f456ce8ee9292c0fdd9af40c389cab48b0","0","0","0","0.089663","184.34443811","345.83","","",""
"0x38fb3978378196fdf06c37caf27bab77b3b383debf2ecd4bf3dc11c76eb7eb1e","10975888","1601631885","2020-10-02 09:44:45","0x46cf7ddb8bc751f666f691a4f96aa45e88d55d11","","0x7531f4d6b7dfd84ab84f9f56ef75515bd03f800c","0","0","0","0.0899717","184.979116049","345.83","","",""
"0x08b42728f4266757a2d2c092d1f49b7d249065e55a7f72e30368bc8139a075c0","10975894","1601631941","2020-10-02 09:45:41","0x46cf7ddb8bc751f666f691a4f96aa45e88d55d11","","0x5fc48bc1b54f718d6b307c8027207cd7c3bcc0ef","0","0","0","0.1398255","287.477033235","345.83","","",""
"0x8c03c85c62b0f2b4029b53bcbbc5577ee0f9bdf76426e8e4e694c3c93f873622","10975908","1601632161","2020-10-02 09:49:21","0x46cf7ddb8bc751f666f691a4f96aa45e88d55d11","","0xc4b25cc5633a7079690b6dd87135e18a82c707fe","0","0","0","0.1558074","320.335340178","345.83","","",""
"0xb73567dd935be7526b1706cfd51bfed785202deabd3cc1f6bd10c534d7f853dc","10975914","1601632233","2020-10-02 09:50:33","0x46cf7ddb8bc751f666f691a4f96aa45e88d55d11","","0x2bf38de07042240b52b7c40f044abefd7b01a5be","0","0","0","0.4079201","838.671487997","345.83","","",""
"0x26b5558b2d8ae169b2a7a8433bb1df115d577f15637ba8a5831fe9ba000d1d9c","10975924","1601632364","2020-10-02 09:52:44","0x46cf7ddb8bc751f666f691a4f96aa45e88d55d11","","0xb2135c6bd950e197982fa4b02f45018bdb8bedda","0","0","0","0.4187973","861.034684881","345.83","","",""
"0x2388537010ce019be0ab1e3377378e9d10684ebf3d841c16e7c8c7e4ee8fab8a","10975926","1601632386","2020-10-02 09:53:06","0x46cf7ddb8bc751f666f691a4f96aa45e88d55d11","","0x5f822140f77ae228e0838fea425adfa9cba0bb73","0","0","0","0.2183849","448.992802853","345.83","","",""
"0xeb21ad628b9a3c42f56158cd7d29eb3fbfdf1a80f3437ab62282e168e8bfb7ab","10975928","1601632419","2020-10-02 09:53:39","0x46cf7ddb8bc751f666f691a4f96aa45e88d55d11","0x4b3fbe6d554c540c2672eb7a501018a1a39f7f53","","0","0","0","0.0426474","87.681774978","345.83","","",""
"0x2f4b1443d8b2128c3ec1f735238b2fdcf401ccf4280a5f3eb31283ded8479953","10975929","1601632421","2020-10-02 09:53:41","0x46cf7ddb8bc751f666f691a4f96aa45e88d55d11","0x38aeed2af853fccf5c246e3aee8bcccbb5826d87","","0","0","0","0.0423378","87.045246666","345.83","","",""
"0xa81aee5addaf5d5417df28a99004107093d82e5090f535957b645ace92a4a0d9","10975931","1601632453","2020-10-02 09:54:13","0x46cf7ddb8bc751f666f691a4f96aa45e88d55d11","0x9ae0acdb750bfcf694675f46b580847fc49a48bf","","0","0","0","0.0045508","9.356308276","345.83","","",""
"0x1daaf42c1cb709bb170ff2c0d301397fe1673d737fe78840a83f8a232a217d61","10975935","1601632523","2020-10-02 09:55:23","0x46cf7ddb8bc751f666f691a4f96aa45e88d55d11","0xe4db5b456282eff5fe9f1eb53a3a536bf56aeffa","","0","0","0","0.004551","9.35671947","345.83","","",""
"0x5bd9f40201a56b1bbe43517514a18575f0742fd63d09ec09266bcc45fa60f578","10975936","1601632539","2020-10-02 09:55:39","0x46cf7ddb8bc751f666f691a4f96aa45e88d55d11","0x9ae0acdb750bfcf694675f46b580847fc49a48bf","","0","0","0","0.0045508","9.356308276","345.83","","",""
"0x52c8aea53ffd317fb1c338c60afe82ff42769cf3871116446fc22e0b3a8911fa","10975940","1601632598","2020-10-02 09:56:38","0x46cf7ddb8bc751f666f691a4f96aa45e88d55d11","0xe4db5b456282eff5fe9f1eb53a3a536bf56aeffa","","0","0","0","0.004551","9.35671947","345.83","","",""
"0x94b759c119ca4f4293786926344caae6afca01f06f5d96d9780a36d812db7013","10975942","1601632616","2020-10-02 09:56:56","0x46cf7ddb8bc751f666f691a4f96aa45e88d55d11","0x9ae0acdb750bfcf694675f46b580847fc49a48bf","","0","0","0","0.0045508","9.356308276","345.83","","",""
"0x52d0bdb2a3d176561f4a3ad0d59e59b0a69529cac140438cca473b9176968e42","10975944","1601632637","2020-10-02 09:57:17","0x46cf7ddb8bc751f666f691a4f96aa45e88d55d11","0xe4db5b456282eff5fe9f1eb53a3a536bf56aeffa","","0","0","0","0.004551","9.35671947","345.83","","",""
"0x17e768abc166b154f272b974d80e4654faa90942f03959b4f05817c3c033066f","10975949","1601632748","2020-10-02 09:59:08","0x46cf7ddb8bc751f666f691a4f96aa45e88d55d11","0x9ae0acdb750bfcf694675f46b580847fc49a48bf","","0","0","0","0.0045508","9.356308276","345.83","","",""
"0xfc6da132e2b7f580a658076868e149433d48d7c6d389d741c0eac6d5673d37ec","10975950","1601632756","2020-10-02 09:59:16","0x46cf7ddb8bc751f666f691a4f96aa45e88d55d11","0xe4db5b456282eff5fe9f1eb53a3a536bf56aeffa","","0","0","0","0.004551","9.35671947","345.83","","",""
"0x98741a35c02c46c7781b34831cf35156add265812cf80a4f913dd1f92618f81a","10975952","1601632778","2020-10-02 09:59:38","0x46cf7ddb8bc751f666f691a4f96aa45e88d55d11","0x9ae0acdb750bfcf694675f46b580847fc49a48bf","","0","0","0","0.0045508","9.356308276","345.83","","",""
"0xccd180521e1e5f313d089a18faefa9b71a1cf004933d242bae3004b78efd0dd1","10975955","1601632803","2020-10-02 10:00:03","0x46cf7ddb8bc751f666f691a4f96aa45e88d55d11","0xe4db5b456282eff5fe9f1eb53a3a536bf56aeffa","","0","0","0","0.004551","9.35671947","345.83","","",""
"0x1202ef3b70e2f81834a7a6bac4696d32a8229824d5a2ae2aea86d07cb2c1f693","10975956","1601632807","2020-10-02 10:00:07","0x46cf7ddb8bc751f666f691a4f96aa45e88d55d11","0x9ae0acdb750bfcf694675f46b580847fc49a48bf","","0","0","0","0.0045508","9.356308276","345.83","","",""
"0x85f24bd78106570ba8f2c2068a099cd6314b7f3080e5b468061d7d6006f2f278","10975959","1601632853","2020-10-02 10:00:53","0x46cf7ddb8bc751f666f691a4f96aa45e88d55d11","0xe4db5b456282eff5fe9f1eb53a3a536bf56aeffa","","0","0","0","0.004551","9.35671947","345.83","","",""
"0x395e570d096de13b0858e42e2de37a6e648ca3be29e4076165a1a0b6ee1452d6","10975960","1601632854","2020-10-02 10:00:54","0x46cf7ddb8bc751f666f691a4f96aa45e88d55d11","0x9ae0acdb750bfcf694675f46b580847fc49a48bf","","0","0","0","0.0029526","6.070457022","345.83","","",""
"0xfbf4549548678dbe72969dd4b5fe7e9f2cfa0f22b1ce0480f727d9a03466f522","10975963","1601632891","2020-10-02 10:01:31","0x46cf7ddb8bc751f666f691a4f96aa45e88d55d11","0xe4db5b456282eff5fe9f1eb53a3a536bf56aeffa","","0","0","0","0.0029568","6.079092096","345.83","","",""
"0x82c956353599207027dcdcdea6fc44dc947a84a91ec6689ff1b9d3847f9b64ca","10975964","1601632903","2020-10-02 10:01:43","0x46cf7ddb8bc751f666f691a4f96aa45e88d55d11","0x4b3fbe6d554c540c2672eb7a501018a1a39f7f53","","0","0","0","0.0029688","6.103763736","345.83","","",""
"0x7b3f9f64ae52023c44bfcc5684c21c2a078287244e5d227b3f1bd3008551d25c","10975966","1601632945","2020-10-02 10:02:25","0x46cf7ddb8bc751f666f691a4f96aa45e88d55d11","0x38aeed2af853fccf5c246e3aee8bcccbb5826d87","","0","0","0","0.0029615","6.088755155","345.83","","",""
"0xc98e3d39b5b0fa6ed9b967493a73b38b02468ccd411c5f4192f6b893ba643e54","10975986","1601633241","2020-10-02 10:07:21","0x46cf7ddb8bc751f666f691a4f96aa45e88d55d11","0xa5c603e1c27a96171487aea0649b01c56248d2e8","","0","0","0","0.0096962","19.935096314","345.83","","",""
"0x2a49a203ebef5ec38d714d3b61a15e49beb4ca06b3de88875cdbdcc12b5b679e","10975994","1601633364","2020-10-02 10:09:24","0x46cf7ddb8bc751f666f691a4f96aa45e88d55d11","","0xfa2abb20bc59d5b57cec3ff4348743ceeef5369f","0","0","0","0.0668008","137.340440776","345.83","","",""
"0x6954932060f1623d2e5093a878be15aa8a78da817da2ea738624310595d7be96","10976003","1601633459","2020-10-02 10:10:59","0x46cf7ddb8bc751f666f691a4f96aa45e88d55d11","0xa5c603e1c27a96171487aea0649b01c56248d2e8","","0","0","0","0.0097046","19.952366462","345.83","","",""
"0x6155d9225483f527e15c44cd5a2c7a33fb43939a09a5d20cdd7b7b77d21efb6d","10976009","1601633532","2020-10-02 10:12:12","0x46cf7ddb8bc751f666f691a4f96aa45e88d55d11","0xa5c603e1c27a96171487aea0649b01c56248d2e8","","0","0","0","0.0097044","19.951955268","345.83","","",""
"0xa928c041aa890d2a3f16b2c58c05c8a626c85ace4b55cacb44616441e31095d2","10976010","1601633544","2020-10-02 10:12:24","0x46cf7ddb8bc751f666f691a4f96aa45e88d55d11","","0x3a938f6dff602874ea67ab87fcddb892b3bf897a","0","0","0","0.0668008","137.340440776","345.83","","",""
"0xf4dfd10c40bbf471f2a73e00db26a159a7eb4e0104dd9ada2c897d105d242626","10976017","1601633600","2020-10-02 10:13:20","0x46cf7ddb8bc751f666f691a4f96aa45e88d55d11","0xa5c603e1c27a96171487aea0649b01c56248d2e8","","0","0","0","0.0097029","19.948871313","345.83","","",""
"0x1e4fa64a371a880d04e3bb4d6b554ae749bd2fb0dd0764dfeae4992d39617c9c","10976022","1601633693","2020-10-02 10:14:53","0x46cf7ddb8bc751f666f691a4f96aa45e88d55d11","0xa5c603e1c27a96171487aea0649b01c56248d2e8","","0","0","0","0.0097085","19.960384745","345.83","","",""
"0xeec5ee27042f810056c42e4ccbcb6d140a62eee83b597d1932fe63a690d31d69","10976030","1601633849","2020-10-02 10:17:29","0x46cf7ddb8bc751f666f691a4f96aa45e88d55d11","","0xe4dfc679f21e47609238c7f92d9416d5b726005f","0","0","0","0.0689373","141.733020681","345.83","","",""
"0xd0761571237c58cbe262a71559f78216b655d48de981c8d6b8e5bb0985a708fd","10976040","1601633982","2020-10-02 10:19:42","0x46cf7ddb8bc751f666f691a4f96aa45e88d55d11","0xa5c603e1c27a96171487aea0649b01c56248d2e8","","0","0","0","0.0097017","19.946404149","345.83","","",""
"0x794796a1f733e9177d56744748d1449660f234b2f99ec13e0a6c8601bde61e45","10976049","1601634089","2020-10-02 10:21:29","0x46cf7ddb8bc751f666f691a4f96aa45e88d55d11","0xa5c603e1c27a96171487aea0649b01c56248d2e8","","0","0","0","0.0097039","19.950927283","345.83","","",""
"0x31d2c142ced5e0f1a36c6d376f0bd57387d9a5422837fe052d089a45e61efe26","10976465","1601639902","2020-10-02 11:58:22","0x46cf7ddb8bc751f666f691a4f96aa45e88d55d11","0xa5c603e1c27a96171487aea0649b01c56248d2e8","","0","0","0","0.1693347","348.147063159","345.83","","",""
"0x4397d4aba32249c6113c1ab52f37376f13b8ae45f75566833325287b66e44b6d","10976527","1601640685","2020-10-02 12:11:25","0x46cf7ddb8bc751f666f691a4f96aa45e88d55d11","0xa5c603e1c27a96171487aea0649b01c56248d2e8","","0","0","0","0.152398755","313.32726831735","345.83","","",""
"0xabf0b2ece1b688470d1c921b813db527a994a1f3f9ec81c3c86469c9fcf2b3b5","11008769","1602076058","2020-10-07 13:07:38","0x46cf7ddb8bc751f666f691a4f96aa45e88d55d11","0xa5c603e1c27a96171487aea0649b01c56248d2e8","","0","0","0","0.006464959668169285","13.291763128966","341.91","","",""
"0xfe84e0e5ea754bf9af01156a28cdf5fd79d186853289ea9feda852c56cc8abce","11008786","1602076253","2020-10-07 13:10:53","0x46cf7ddb8bc751f666f691a4f96aa45e88d55d11","0xa5c603e1c27a96171487aea0649b01c56248d2e8","","0","0","0","0.002570129070751287","5.28410826559252","341.91","","",""
"0x69dee21225a596be418e3509be6d96115089e238536bb8a14fc1c5fd3d774238","11015155","1602163629","2020-10-08 13:27:09","0x46cf7ddb8bc751f666f691a4f96aa45e88d55d11","0xa5c603e1c27a96171487aea0649b01c56248d2e8","","0","0","0","0.0053237646","10.945500304662","351.20","","",""
"0xdcad55bf3c49a06692a644d012c913e0283ac2c822609fa78fa42c2e91ccb207","11021371","1602248120","2020-10-09 12:55:20","0x46cf7ddb8bc751f666f691a4f96aa45e88d55d11","0xa5c603e1c27a96171487aea0649b01c56248d2e8","","0","0","0","0.016418022234842099","33.7549611741683","365.41","","",""
"0x32dcf41810db3f4ede0b910140cf5967293af8dba23edb0d26297dfc50e2c209","11039886","1602493968","2020-10-12 09:12:48","0x46cf7ddb8bc751f666f691a4f96aa45e88d55d11","0xa5c603e1c27a96171487aea0649b01c56248d2e8","","0","0","0","0.00867665","17.8389321005","386.91","","",""
"0x9f34487b99ec1352efe057871ce2d589c79ca2d4080da62bb9e424876e797683","11040069","1602496467","2020-10-12 09:54:27","0x46cf7ddb8bc751f666f691a4f96aa45e88d55d11","0xa5c603e1c27a96171487aea0649b01c56248d2e8","","0","0","0","0.01244749","25.5916660153","386.91","","",""
"0xe20dcbb1085aba356ca231a119bb8be3d10f1a2331d874699c4634396f2d436f","11060994","1602772869","2020-10-15 14:41:09","0x46cf7ddb8bc751f666f691a4f96aa45e88d55d11","0xa5c603e1c27a96171487aea0649b01c56248d2e8","","0","0","0","0.00679392","13.9680957024","377.82","","",""
"0x697e6d69ba0263a6ddd3cdf657001ebdd1319ee15c824c98cee4784363178258","11061020","1602773307","2020-10-15 14:48:27","0x46cf7ddb8bc751f666f691a4f96aa45e88d55d11","0xa5c603e1c27a96171487aea0649b01c56248d2e8","","0","0","0","0.00947835016269309","19.4872035839921","377.82","","",""
"0x4f8ef4e0db4edb30e7eed71fe08ade81de6921c91a3f47529988bdb5eb7e99a4","11152712","1603988451","2020-10-29 16:20:51","0x46cf7ddb8bc751f666f691a4f96aa45e88d55d11","","0xbb49881d366ad8f7a1fbadecee0d83c221f5dd95","0","0","0","0.0470756","96.786021332","387.54","","",""
"0xcef2d6bef639fcaf1af3f6c4807f6586d3e633aea26508c8cecaf4e4b016b531","11152734","1603988760","2020-10-29 16:26:00","0x46cf7ddb8bc751f666f691a4f96aa45e88d55d11","","0x3fe5125e4b28062ea5be32acedb37bffaa256456","0","0","0","0.0470756","96.786021332","387.54","","",""
"0x3ef734427a46564982fa8fc02ca7f7b16cf9c91a4cb204db2380580ffa79cf24","11152833","1603990077","2020-10-29 16:47:57","0x46cf7ddb8bc751f666f691a4f96aa45e88d55d11","0xa5c603e1c27a96171487aea0649b01c56248d2e8","","0","0","0","0.007187709481385308","14.7777150624438","387.54","","",""
"0x8902d8570f4b32398178dcd7de6694272d4ccb75bbeef1382a3e069193e6140f","11152842","1603990161","2020-10-29 16:49:21","0x46cf7ddb8bc751f666f691a4f96aa45e88d55d11","0xa5c603e1c27a96171487aea0649b01c56248d2e8","","0","0","0","0.007763520141587196","15.961564505499","387.54","","",""
"0x7dd14d9f3fff5235ddbd9495c776db3a4333fb77c28c4954222fe7726c3bddc3","11152912","1603991003","2020-10-29 17:03:23","0x46cf7ddb8bc751f666f691a4f96aa45e88d55d11","0xa5c603e1c27a96171487aea0649b01c56248d2e8","","0","0","0","0.003489078","7.17343969566","387.54","","",""
"0x5cff6e284e788286f2f3b16a1e976f9a6a4d7b969fcd4d8ad008d35c53660866","11152927","1603991214","2020-10-29 17:06:54","0x46cf7ddb8bc751f666f691a4f96aa45e88d55d11","0xa5c603e1c27a96171487aea0649b01c56248d2e8","","0","0","0","0.00581455","11.9545403635","387.54","","",""
"0xa0c8f2ab098c23e7adf3375693dda00f61c576d867a2793079ca2ae2a87e1958","11269508","1605538216","2020-11-16 14:50:16","0x46cf7ddb8bc751f666f691a4f96aa45e88d55d11","","0x645ba45dbe3c6942c812a46f9ee8115c89b524ec","0","0","0","0.14508654","298.2935736438","461.01","","",""
"0xdeaf49e44f867afa4f9eca3742691929ad9c7eb3a663ee2b2402967e185136dd","11269512","1605538271","2020-11-16 14:51:11","0x46cf7ddb8bc751f666f691a4f96aa45e88d55d11","","0x8510211a852f0c5994051dd85eaef73112a82eb5","0","0","0","0.1326345","272.692552965","461.01","","",""
"0xefa7dfc475289e2344c73866f63edbfd6a1eb89c8a8918ce1a57f301a721732c","11269513","1605538273","2020-11-16 14:51:13","0x46cf7ddb8bc751f666f691a4f96aa45e88d55d11","","0x915a2afcde5e4d524e46a541e4019ad37a3a4116","0","0","0","0.18045546","371.0110120962","461.01","","",""
"0x2c4ea89dacd977abc239af04da41a39ecf8d4b52db36172675027ca22fd7dd72","11269517","1605538328","2020-11-16 14:52:08","0x46cf7ddb8bc751f666f691a4f96aa45e88d55d11","","0x24802b055d0ac0e50e83a035210f93f5ecb4858b","0","0","0","0.11747898","241.5332585106","461.01","","",""
"0x9be22964adb36761e795a547830bdf7d8fc1a2e8e19fb6cbe864565dcedb8402","11269518","1605538329","2020-11-16 14:52:09","0x46cf7ddb8bc751f666f691a4f96aa45e88d55d11","","0x495b86820b45f7219472eab49945e19c0d5c455d","0","0","0","0.0537978","110.606662866","461.01","","",""
"0xe53e74dfa454b50342c23c458d87c398230788a8c0dec0b118cb5d5d96c9129d","11269519","1605538343","2020-11-16 14:52:23","0x46cf7ddb8bc751f666f691a4f96aa45e88d55d11","","0xe50424df644bc6d7f623c3dcf4b2c3f38e339063","0","0","0","0.05398302","110.9874696294","461.01","","",""
"0xc5978d080f00a076d7a4b96fb17571cd2e99c6c8dbc66d774990cd2e2d8c42f7","11269521","1605538363","2020-11-16 14:52:43","0x46cf7ddb8bc751f666f691a4f96aa45e88d55d11","","0x4c8afe33affa2dfb6e7628edae3b95ff6087cb02","0","0","0","0.0838953","172.486219941","461.01","","",""
"0xf0aa03223052d9483ef43f4ecabbeb0c305edfa7494380d166a69b6f1e5c62d9","11269523","1605538397","2020-11-16 14:53:17","0x46cf7ddb8bc751f666f691a4f96aa45e88d55d11","","0x605658d9c507cfebcb8687bbff81e4d4a4fc73b7","0","0","0","0.0941196","193.507074012","461.01","","",""
"0x01386fc6ff806e96b1fc9cf840070f1e288e46e6eecb0e96e30f5a9b7dfabe76","11269525","1605538434","2020-11-16 14:53:54","0x46cf7ddb8bc751f666f691a4f96aa45e88d55d11","","0x014e746e08490800cc265d381fa75679b0f1b5ea","0","0","0","0.24475206","503.2028927982","461.01","","",""
"0xc57e2f6911bdc022a80d444b328bd0795d1a22b2c14127f6b480b4dee80449a1","11269530","1605538453","2020-11-16 14:54:13","0x46cf7ddb8bc751f666f691a4f96aa45e88d55d11","","0x5094a8f54b12aec540bf7ccd0dd7b62f4fecf7f2","0","0","0","0.25109694","516.2477757318","461.01","","",""
"0x3ec1529b97dedd058f9f82c3345835c62137165b91c632aec880b85e53d05c76","11269532","1605538456","2020-11-16 14:54:16","0x46cf7ddb8bc751f666f691a4f96aa45e88d55d11","","0x10a0847c2d170008ddca7c3a688124f493630032","0","0","0","0.1307058","268.727203626","461.01","","",""
"0x80bdc4b8e3b6a5fb862d4e87ef74ee41d7ab24e6686958a756e80574467dc664","11269534","1605538497","2020-11-16 14:54:57","0x46cf7ddb8bc751f666f691a4f96aa45e88d55d11","0x645ba45dbe3c6942c812a46f9ee8115c89b524ec","","0","0","0","0.025587","52.60610439","461.01","","",""
"0x7bef3136d248144ae48b400ba104065e1373f22937f3731c3931281c3de83356","11269535","1605538503","2020-11-16 14:55:03","0x46cf7ddb8bc751f666f691a4f96aa45e88d55d11","0x645ba45dbe3c6942c812a46f9ee8115c89b524ec","","0","0","0","0.00177864","3.6568304808","461.01","","",""
"0x79f05e83b191562a497b728b604dbb55278a4728044a869832b477ca7ab4ec56","11269555","1605538729","2020-11-16 14:58:49","0x46cf7ddb8bc751f666f691a4f96aa45e88d55d11","0xa5c603e1c27a96171487aea0649b01c56248d2e8","","0","0","0","0.0058173","11.960194281","461.01","","",""
"0x8a8dfd8a02dd6faa94e3a4511de76ae799aab1850aed9f342a2c3d83e2cfd29d","11269557","1605538760","2020-11-16 14:59:20","0x46cf7ddb8bc751f666f691a4f96aa45e88d55d11","","0x1b05623800526da9c03de7583917344d5d30e139","0","0","0","0.02854338","58.6843329786","461.01","","",""
"0x52c75f32eda798eca1d5be6f976b382a61a91e92d35687641f5b52a6a304bf09","11269565","1605538812","2020-11-16 15:00:12","0x46cf7ddb8bc751f666f691a4f96aa45e88d55d11","0xa5c603e1c27a96171487aea0649b01c56248d2e8","","0","0","0","0.0058203","11.966362191","461.01","","",""
"0x6a415005bf39d353f795aefbb629487ca833036a815521bc85ebf4e21cbb14b1","11269568","1605538880","2020-11-16 15:01:20","0x46cf7ddb8bc751f666f691a4f96aa45e88d55d11","0xa5c603e1c27a96171487aea0649b01c56248d2e8","","0","0","0","0.00582264","11.9711731608","461.01","","",""
"0x3cc6f46fe43a3a9a8b82a9fe40cfe7ae9c914106467f86154130760b7d4dd1d4","11269570","1605538907","2020-11-16 15:01:47","0x46cf7ddb8bc751f666f691a4f96aa45e88d55d11","","0xe7f618212cf739d5f209453a2a91bfc198b065e0","0","0","0","0.04008048","82.4042644656","461.01","","",""
"0x0f313cf368be49be2b42651ba0018dc7b74759e3bc327978ccae1ba54b038b00","11269577","1605539015","2020-11-16 15:03:35","0x46cf7ddb8bc751f666f691a4f96aa45e88d55d11","0xa5c603e1c27a96171487aea0649b01c56248d2e8","","0","0","0","0.00582378","11.9735169666","461.01","","",""
"0x88b6ee1e72fc6c2cc2a32076d2a37e7eafe43654dcc0d9fffb6d810acb79c3ed","11269588","1605539087","2020-11-16 15:04:47","0x46cf7ddb8bc751f666f691a4f96aa45e88d55d11","0xa5c603e1c27a96171487aea0649b01c56248d2e8","","0","0","0","0.00582306","11.9720366682","461.01","","",""
"0xd69df733c53e32e66bca370bb4f549ef7c6bc4605b8fb06aa0c124622301ddde","11269593","1605539198","2020-11-16 15:06:38","0x46cf7ddb8bc751f666f691a4f96aa45e88d55d11","","0x908842ed4b885318711dcdb16d0503d6a000251e","0","0","0","0.04008048","82.4042644656","461.01","","",""
"0xa469f655d29608ca550b877ffd148a86603ff9b07fece8b5933afbbce6a935b2","11269600","1605539287","2020-11-16 15:08:07","0x46cf7ddb8bc751f666f691a4f96aa45e88d55d11","0xa5c603e1c27a96171487aea0649b01c56248d2e8","","0","0","0","0.00582132","11.9684592804","461.01","","",""
"0x55de1f07b03b974045e5c4b82bac1d3718e5ef2bfc5e739fa216abb5d5d40a30","11269610","1605539430","2020-11-16 15:10:30","0x46cf7ddb8bc751f666f691a4f96aa45e88d55d11","0xa5c603e1c27a96171487aea0649b01c56248d2e8","","0","0","0","0.00582336","11.9726534592","461.01","","",""
"0xb4d4f51757a7a87a9c0ed5feb25ed9d1d2a4225a129438144a9b698e14acd600","11269624","1605539615","2020-11-16 15:13:35","0x46cf7ddb8bc751f666f691a4f96aa45e88d55d11","","0xbcdf8dba8760fd1a94b12a8233385e9c98d1e399","0","0","0","0.04136238","85.0398124086","461.01","","",""
"0xdf05cddb8c1f41b59f224fcf96c7a10f8c468828a93649c5a60af3013963f16e","11269650","1605539993","2020-11-16 15:19:53","0x46cf7ddb8bc751f666f691a4f96aa45e88d55d11","0xa5c603e1c27a96171487aea0649b01c56248d2e8","","0","0","0","0.00582378","11.9735169666","461.01","","",""
"0x829db9a8c9fcda136dc193b3bc1308a51c8d0beebef9ef7c5f1368bd8f46aa1e","11269658","1605540094","2020-11-16 15:21:34","0x46cf7ddb8bc751f666f691a4f96aa45e88d55d11","0xa5c603e1c27a96171487aea0649b01c56248d2e8","","0","0","0","0.00582264","11.9711731608","461.01","","",""
"0xe4059dd8b8a199a0e4c6de3e71a1fa8cab98dc5c050f0d9ff266191c38021268","11275463","1605616421","2020-11-17 12:33:41","0x46cf7ddb8bc751f666f691a4f96aa45e88d55d11","0xa5c603e1c27a96171487aea0649b01c56248d2e8","","0","0","0","0.003801924126272412","7.81664194589229","482.71","","",""
"0xae463769f1e78f8aaa73b3120a5eeea0451dc4de35b86accbfb9f0a0fabb69b2","11294039","1605862986","2020-11-20 09:03:06","0x46cf7ddb8bc751f666f691a4f96aa45e88d55d11","0xa5c603e1c27a96171487aea0649b01c56248d2e8","","0","0","0","0.01773258","36.4576525026","510.43","","",""
"0x881d42b116fb76324a2459258faafb41d1d139febdfe9b7ef0a39a620bc6f5dc","11314259","1606131390","2020-11-23 11:36:30","0x46cf7ddb8bc751f666f691a4f96aa45e88d55d11","0xa5c603e1c27a96171487aea0649b01c56248d2e8","","0","0","0","0.008312502","17.09025473694","609.13","","",""
"0x85a08f0717d1279545a29dfb7321aed3c33ed402591d3df99f2a0fb69f3d147a","11381499","1607022999","2020-12-03 19:16:39","0x46cf7ddb8bc751f666f691a4f96aa45e88d55d11","0xa5c603e1c27a96171487aea0649b01c56248d2e8","","0","0","0","0.00224284","4.6112117548","616.55","Error(0)","Reverted",""
"0x739c9a7c11325fe0ba133d9614b3d70ef98502dabb1356e5ed1f65c71d96dbb1","11381518","1607023220","2020-12-03 19:20:20","0x46cf7ddb8bc751f666f691a4f96aa45e88d55d11","0xa5c603e1c27a96171487aea0649b01c56248d2e8","","0","0","0","0.00561084","11.5357187148","616.55","","",""
"0xf5bacea07f6580ea487065332d01a2533f4c32ea3c61172d58e5fc348b360957","11385684","1607078841","2020-12-04 10:47:21","0x46cf7ddb8bc751f666f691a4f96aa45e88d55d11","0xa5c603e1c27a96171487aea0649b01c56248d2e8","","0","0","0","0.00344597","7.0848109409","567.67","","",""
"0x8f3b999c2fc2e8da51236b119002f92aea31bbffc9ca4fbf0083d6d93935d351","11418277","1607511980","2020-12-09 11:06:20","0x46cf7ddb8bc751f666f691a4f96aa45e88d55d11","0xa5c603e1c27a96171487aea0649b01c56248d2e8","","0","0","0","0.0037037","7.614696089","573.44","","",""
"0xd9a558484dcf51b3e394fc5412e84be9db08af32428967ad7bdbaf1e9092fce9","11484456","1608390878","2020-12-19 15:14:38","0x46cf7ddb8bc751f666f691a4f96aa45e88d55d11","0xa5c603e1c27a96171487aea0649b01c56248d2e8","","0","0","0","0.00460873","9.4754106181","658.70","","",""
"0x8620ba2caf0ff080c7c7455f2a702e549ee783ba6dce243c3bf316f3af5c3356","11541684","1609148715","2020-12-28 09:45:15","0x46cf7ddb8bc751f666f691a4f96aa45e88d55d11","0xa5c603e1c27a96171487aea0649b01c56248d2e8","","0","0","0","0.0065833","13.535067301","729.59","","",""
"0x7783b7741b89cf76f66e70bc1ce5de0c262c4b626423d0738bf9104769747f62","11645843","1610530416","2021-01-13 09:33:36","0x46cf7ddb8bc751f666f691a4f96aa45e88d55d11","0xa5c603e1c27a96171487aea0649b01c56248d2e8","","0","0","0","0.004335814","8.91430350958","1129.84","","",""
"0xfd1e346aa68f7ca45a86e99082183018d2fb40c2708aa3c7dce457ca6559dc19","11788777","1612428778","2021-02-04 08:52:58","0x46cf7ddb8bc751f666f691a4f96aa45e88d55d11","0xa5c603e1c27a96171487aea0649b01c56248d2e8","","0","0","0","0.028818","59.24894346","1597.44","","",""
"0x2d81c8174730e4d11b6076c58e66ff242824a8be8d47cc093ea3fe03e0f03848","11881026","1613653403","2021-02-18 13:03:23","0x46cf7ddb8bc751f666f691a4f96aa45e88d55d11","","0x1d09a6d1c45d1a9eb8cb8a8354bcd78e225f06d3","0","0","0","0.196412538","403.81828575186","1939.61","","",""
"0xdb496cf9bb40b5597908b078a06783b1dfa4106e1f19da0067e2f904ec8c30ff","11881028","1613653432","2021-02-18 13:03:52","0x46cf7ddb8bc751f666f691a4f96aa45e88d55d11","0x1d09a6d1c45d1a9eb8cb8a8354bcd78e225f06d3","","0","0","0","0.006058416","12.45592154352","1939.61","","",""
"0xd34f93855fdcb436ce129238376e897ddafa7da4935164d3e0f8650c849533de","11881029","1613653442","2021-02-18 13:04:02","0x46cf7ddb8bc751f666f691a4f96aa45e88d55d11","0x1d09a6d1c45d1a9eb8cb8a8354bcd78e225f06d3","","0","0","0","0.006058416","12.45592154352","1939.61","","",""
"0xf89e6ffe3e18b055d419830b94e1a958920e408b21668557c26239ca2c534d01","11881034","1613653556","2021-02-18 13:05:56","0x46cf7ddb8bc751f666f691a4f96aa45e88d55d11","0x1d09a6d1c45d1a9eb8cb8a8354bcd78e225f06d3","","0","0","0","0.006058416","12.45592154352","1939.61","","",""
"0x174571d74c10128dc8afb164fa96b3e248f3a245d61f92de487cc99de3374086","11881035","1613653559","2021-02-18 13:05:59","0x46cf7ddb8bc751f666f691a4f96aa45e88d55d11","0x1d09a6d1c45d1a9eb8cb8a8354bcd78e225f06d3","","0","0","0","0.006058416","12.45592154352","1939.61","","",""
"0xbb3c8f8b9eba3329a6ddaf279571f111e8043165a7b0e61b2c4846f3b22b0c92","11881036","1613653569","2021-02-18 13:06:09","0x46cf7ddb8bc751f666f691a4f96aa45e88d55d11","0x1d09a6d1c45d1a9eb8cb8a8354bcd78e225f06d3","","0","0","0","0.006058416","12.45592154352","1939.61","","",""
"0xe8f9e342389173abbc138d557b15fb895ba49537b51a00cb770775086ccf021f","11881052","1613653810","2021-02-18 13:10:10","0x46cf7ddb8bc751f666f691a4f96aa45e88d55d11","0x1d09a6d1c45d1a9eb8cb8a8354bcd78e225f06d3","","0","0","0","0.006058416","12.45592154352","1939.61","","",""
"0x97143c1f2f4682237cfb79da3e01557d028de1250f9cddebfb426a2cbddf0cae","11881062","1613653931","2021-02-18 13:12:11","0x46cf7ddb8bc751f666f691a4f96aa45e88d55d11","0x1d09a6d1c45d1a9eb8cb8a8354bcd78e225f06d3","","0","0","0","0.003932943","8.08601281971","1939.61","","",""
"0xa6beb7a598e5ddded5a5dd196d1511d61befdf7df732714276ce99646a3f2924","11886549","1613727466","2021-02-19 09:37:46","0x46cf7ddb8bc751f666f691a4f96aa45e88d55d11","0xa5c603e1c27a96171487aea0649b01c56248d2e8","","0","0","0","0.02034872","41.8363578584","1957.47","","",""
"0x773ee09b279aad09b48c391a2f137fe9e5c868a8fd17db1ace8e647846ef44da","12017964","1615474779","2021-03-11 14:59:39","0x46cf7ddb8bc751f666f691a4f96aa45e88d55d11","0xa5c603e1c27a96171487aea0649b01c56248d2e8","","0","0","0","0.03525579","72.4848465663","1827.06","","",""
"0xccd605eae76d9be1318fc367f09f77b67e7773befb9bcb92768889e36e5a0072","12200073","1617896812","2021-04-08 15:46:52","0x46cf7ddb8bc751f666f691a4f96aa45e88d55d11","0xa5c603e1c27a96171487aea0649b01c56248d2e8","","0","0","0","0.02926284","60.1635211548","2081.11","","",""
